customer_id,age,gender,region,education_level,employment_type,annual_income,loan_amount,loan_purpose,credit_score,repayment_history,transaction_count,spending_ratio,join_date,default_flag
CUST1000,56.0,Female,North,Secondary,Salaried,2273654.0,1390573,Other,507.0,0,96,36.89,2022-10-30,1
CUST1001,69.0,Male,North,Post-Graduate,Self-Employed,655425.0,579308,Business,635.0,1,18,33.55,2020-08-16,0
CUST1002,46.0,Female,South,Graduate,Self-Employed,227032.0,166149,Business,512.0,1,90,79.82,2021-04-21,0
CUST1003,32.0,Male,North,Secondary,Self-Employed,688986.0,1443119,Car,520.0,0,34,73.76,2018-10-14,1
CUST1004,60.0,Male,South,Primary,Salaried,512206.0,303958,Home,443.0,1,48,51.2,2024-08-19,0
CUST1005,25.0,Male,West,Graduate,Salaried,314318.0,303497,Car,339.0,0,88,20.46,2018-12-16,0
CUST1006,38.0,Male,East,Graduate,Self-Employed,2260943.0,407218,Car,307.0,1,112,27.21,2016-04-21,0
CUST1007,56.0,Male,East,Secondary,Salaried,1345197.0,80755,Car,792.0,0,95,62.5,2016-02-17,0
CUST1008,36.0,Male,North,Graduate,Salaried,134745.0,1377921,Car,544.0,1,42,40.8,2021-03-25,0
CUST1009,40.0,Female,South,Post-Graduate,,462811.0,362548,Business,316.0,3,63,76.92,2017-01-10,1
CUST1010,28.0,Male,East,Secondary,Salaried,1315382.0,567691,Home,629.0,0,46,86.0,2018-04-07,0
CUST1011,28.0,Male,South,Graduate,Unemployed,2239439.0,394446,Car,773.0,0,56,74.45,2021-09-11,0
CUST1012,41.0,Female,South,Secondary,Salaried,751986.0,798460,Business,469.0,3,67,40.2,2022-12-26,0
CUST1013,,Male,North,Graduate,Self-Employed,1595554.0,458910,Car,572.0,0,65,73.09,2017-09-18,0
CUST1014,53.0,Female,East,Graduate,,1308312.0,1234656,Education,681.0,1,109,38.12,2021-04-03,1
CUST1015,57.0,Male,North,Graduate,Salaried,1143082.0,627993,Car,469.0,0,38,23.37,2018-10-23,0
CUST1016,41.0,Male,North,Graduate,Salaried,837582.0,394765,Car,570.0,3,43,12.67,2021-03-06,0
CUST1017,20.0,Male,East,Secondary,Salaried,1607553.0,1310101,Other,663.0,2,45,40.86,2021-09-20,0
CUST1018,39.0,Male,East,Post-Graduate,Salaried,1455147.0,491122,Education,596.0,2,112,82.28,2021-08-18,0
CUST1019,,Male,West,Graduate,Self-Employed,1684050.0,78784,Home,341.0,4,41,29.12,2024-05-05,0
CUST1020,19.0,Male,West,Secondary,Unemployed,1224337.0,773264,Car,385.0,0,69,26.52,2018-03-29,0
CUST1021,41.0,Male,South,Graduate,Salaried,238477.0,1260623,Home,414.0,1,83,87.59,2017-10-18,1
CUST1022,61.0,Male,East,Graduate,Salaried,1899239.0,600993,Education,772.0,2,36,12.0,2020-12-16,0
CUST1023,47.0,Male,West,Secondary,Salaried,2362702.0,1439993,Car,326.0,1,12,72.86,2024-10-18,0
CUST1024,55.0,Male,South,Post-Graduate,Self-Employed,312117.0,116373,Other,,2,101,35.71,2018-02-28,0
CUST1025,19.0,Male,South,Post-Graduate,Salaried,,283608,Business,790.0,2,22,13.0,2019-12-30,0
CUST1026,38.0,Female,South,Secondary,Self-Employed,,405595,Other,564.0,0,49,83.42,2024-06-25,0
CUST1027,50.0,Female,West,Post-Graduate,Self-Employed,416430.0,648821,Other,414.0,2,97,21.17,2024-07-11,0
CUST1028,29.0,Male,East,Primary,Self-Employed,2005464.0,270056,Business,563.0,0,100,54.14,2019-02-28,0
CUST1029,39.0,Female,North,Secondary,Salaried,176426.0,1216397,Business,525.0,2,37,31.92,2024-12-31,0
CUST1030,61.0,Female,South,Secondary,Self-Employed,2239020.0,3011214,Business,368.0,0,9,15.22,2020-06-17,0
CUST1031,42.0,Male,West,Post-Graduate,Salaried,1864094.0,1284304,Car,358.0,2,86,13.99,2020-03-23,1
CUST1032,66.0,Female,West,Graduate,Salaried,1113237.0,574392,Home,548.0,1,116,19.24,2023-03-30,0
CUST1033,44.0,Female,North,Secondary,Unemployed,143014.0,270617,Home,471.0,2,78,15.71,2020-07-31,0
CUST1034,59.0,Male,North,Secondary,Self-Employed,143014.0,1094367,Business,381.0,3,40,70.84,2021-03-19,0
CUST1035,45.0,Male,West,Graduate,Salaried,2473455.0,1249033,Other,581.0,1,101,48.85,2019-12-07,0
CUST1036,33.0,Female,East,Primary,Salaried,1584900.0,696470,Education,641.0,1,27,37.43,2018-07-24,0
CUST1037,32.0,Female,North,Post-Graduate,Salaried,462811.0,658935,Business,477.0,1,44,43.47,2024-05-17,0
CUST1038,64.0,Male,West,Graduate,Salaried,1595554.0,196963,Other,846.0,1,9,84.32,2016-01-21,0
CUST1039,68.0,Male,North,Graduate,Salaried,1674502.0,1233183,Other,431.0,3,38,82.86,2018-09-25,0
CUST1040,61.0,Male,East,Post-Graduate,Salaried,1461710.0,778987,Car,380.0,1,28,67.25,2019-12-02,0
CUST1041,,Female,South,Secondary,Salaried,1732390.0,978729,Car,380.0,0,21,80.77,2017-04-01,0
CUST1042,69.0,Female,North,Post-Graduate,Self-Employed,2019983.0,1089313,Home,520.0,2,99,35.57,2020-01-07,0
CUST1043,,Male,East,Graduate,Self-Employed,,1474373,Home,606.0,2,75,40.49,2021-07-20,1
CUST1044,20.0,Male,West,Graduate,Self-Employed,947392.0,865165,Education,409.0,0,85,59.1,2024-05-19,0
CUST1045,54.0,Female,North,Secondary,Salaried,584910.0,478934,Education,816.0,1,96,59.89,2016-09-21,1
CUST1046,68.0,Male,North,Post-Graduate,,1779564.0,300001,Education,385.0,0,106,48.54,2022-02-09,1
CUST1047,24.0,Male,West,Secondary,Unemployed,2321085.0,1012716,Education,821.0,1,26,42.05,2022-03-24,1
CUST1048,38.0,Female,South,Secondary,Unemployed,2425156.0,365639,Other,653.0,1,19,88.89,2021-08-08,0
CUST1049,26.0,Female,West,Primary,Unemployed,2154520.0,1418857,Other,411.0,1,105,75.69,2024-08-10,1
CUST1050,56.0,Female,North,Graduate,Unemployed,2019726.0,1470346,Home,445.0,3,19,44.8,2024-10-26,0
CUST1051,35.0,Female,West,Graduate,Salaried,461325.0,398697,Car,311.0,0,118,68.18,2024-08-06,0
CUST1052,21.0,Male,East,Graduate,Salaried,974235.0,302168,Car,528.0,1,118,31.56,2018-08-26,0
CUST1053,42.0,Male,West,Post-Graduate,Self-Employed,386024.0,526297,Business,503.0,3,29,18.01,2018-03-15,0
CUST1054,31.0,Female,North,Primary,Self-Employed,216645.0,1012014,Other,813.0,0,57,38.19,2019-06-07,0
CUST1055,67.0,Male,West,Graduate,Self-Employed,1829182.0,1084153,Education,736.0,1,25,42.24,2017-12-23,0
CUST1056,26.0,Male,South,Secondary,Salaried,2249068.0,878964,Education,811.0,0,106,11.32,2018-12-31,0
CUST1057,43.0,Male,West,Post-Graduate,Salaried,2445766.0,362548,Business,712.0,1,70,75.18,2018-09-28,0
CUST1058,,Male,South,Graduate,Salaried,1547256.0,141915,Car,798.0,1,95,38.74,2024-01-01,0
CUST1059,19.0,Male,East,Graduate,Unemployed,908282.0,876822,Education,435.0,4,117,56.43,2016-03-24,0
CUST1060,37.0,Male,South,Graduate,Self-Employed,1662060.0,1119601,Car,553.0,1,36,15.92,2018-01-09,1
CUST1061,45.0,Male,West,Secondary,Salaried,1929388.0,218674,Business,710.0,0,25,24.0,2020-10-23,0
CUST1062,64.0,Male,North,Secondary,Salaried,1367116.0,4215710,Car,807.0,1,72,81.18,2021-06-16,0
CUST1063,24.0,Female,South,Graduate,Salaried,1396303.0,530653,Car,394.0,1,48,58.7,2016-08-10,1
CUST1064,61.0,Female,East,Secondary,Unemployed,1264895.0,1197213,Car,748.0,1,87,86.02,2023-10-11,0
CUST1065,25.0,Female,South,Secondary,Self-Employed,1219897.0,1262676,Education,532.0,0,70,89.9,2023-08-12,0
CUST1066,64.0,Female,South,Secondary,Self-Employed,1662060.0,690246,Home,619.0,0,94,39.75,2024-12-31,1
CUST1067,52.0,Female,South,Graduate,Salaried,2343557.0,876334,Other,623.0,0,102,33.9,2022-09-18,1
CUST1068,31.0,Male,East,Secondary,Self-Employed,311414.0,133535,Car,816.0,0,18,78.67,2019-04-07,0
CUST1069,34.0,Female,West,Secondary,Salaried,1296053.0,939834,Car,333.0,1,19,89.89,2016-11-24,0
CUST1070,53.0,Female,South,Graduate,Self-Employed,1147133.0,1347509,Car,767.0,1,24,60.37,2017-03-01,1
CUST1071,67.0,Female,South,Graduate,Salaried,834981.0,147369,Home,565.0,2,38,73.61,2020-04-26,0
CUST1072,57.0,Male,North,Primary,Salaried,1867500.0,226544,Business,385.0,1,40,72.54,2018-02-08,0
CUST1073,21.0,Male,East,Secondary,Self-Employed,1758083.0,643655,Education,617.0,1,87,38.43,2019-05-04,0
CUST1074,19.0,Male,South,Primary,Unemployed,2314415.0,1197213,Home,815.0,2,13,55.94,2017-08-30,0
CUST1075,23.0,Male,East,Secondary,Salaried,1504473.0,874464,Car,772.0,1,75,76.64,2021-01-26,0
CUST1076,,Female,South,Secondary,Unemployed,2246791.0,219773,Home,641.0,2,34,65.05,2023-01-17,0
CUST1077,59.0,Female,West,Graduate,Salaried,1815594.0,1433864,Home,802.0,0,81,11.69,2023-04-26,0
CUST1078,21.0,Male,West,Graduate,Salaried,621529.0,1122398,Home,373.0,2,95,36.94,2021-10-25,0
CUST1079,,Other,South,Graduate,Salaried,791716.0,269967,Business,385.0,0,67,21.56,2021-08-08,0
CUST1080,46.0,Female,West,Secondary,Salaried,1539096.0,279717,Other,700.0,2,112,28.64,2019-07-24,0
CUST1081,35.0,Male,South,Graduate,Salaried,1315382.0,968193,Education,681.0,1,39,82.44,2018-07-08,0
CUST1082,43.0,Male,West,Secondary,Salaried,1341368.0,1155837,Business,332.0,1,17,12.95,2024-03-12,1
CUST1083,61.0,Male,North,Post-Graduate,Salaried,1140538.0,1377921,Business,440.0,3,83,27.58,2017-04-10,1
CUST1084,51.0,Male,North,Graduate,Unemployed,217900.0,1067886,Other,702.0,0,50,34.77,2021-05-18,0
CUST1085,27.0,Male,North,Primary,Salaried,2343557.0,295976,Business,818.0,1,60,59.35,2020-01-11,0
CUST1086,53.0,Male,East,Graduate,Self-Employed,1621019.0,1187297,Home,,2,13,52.73,2021-04-29,0
CUST1087,31.0,Male,East,Secondary,Salaried,704987.0,1410679,Home,540.0,0,113,27.46,2019-03-29,1
CUST1088,48.0,Male,North,Graduate,Self-Employed,1578710.0,521638,Car,360.0,0,91,23.14,2022-12-14,0
CUST1089,65.0,Female,East,Primary,Salaried,2448417.0,586107,Business,311.0,3,40,28.94,2022-06-18,1
CUST1090,32.0,Male,West,Secondary,Salaried,1723906.0,1061328,Car,680.0,1,108,50.2,2020-07-12,0
CUST1091,25.0,Female,South,Post-Graduate,Salaried,1046325.0,473931,Education,789.0,0,7,31.69,2021-08-01,0
CUST1092,31.0,Male,South,Secondary,Salaried,2249068.0,1255766,Home,559.0,1,102,85.81,2019-03-30,0
CUST1093,40.0,Other,South,Graduate,Salaried,1644371.0,266545,Education,404.0,0,23,47.11,2022-06-13,0
CUST1094,,Male,North,Secondary,Self-Employed,1723906.0,74912,Other,777.0,2,32,14.7,2024-10-22,1
CUST1095,57.0,Male,East,Graduate,Unemployed,2479771.0,1122398,Home,380.0,1,27,68.34,2020-08-25,0
CUST1096,38.0,Other,West,Graduate,Unemployed,2499493.0,878964,Education,,4,108,36.31,2023-07-01,0
CUST1097,33.0,Female,West,Graduate,Self-Employed,1864094.0,1454150,Other,400.0,1,117,62.28,2021-11-06,0
CUST1098,62.0,Female,North,Secondary,Salaried,1853216.0,1446234,Education,732.0,1,113,32.37,2023-08-14,0
CUST1099,35.0,Male,West,Secondary,Salaried,2280996.0,1357925,Other,763.0,1,11,55.66,2018-02-16,0
CUST1100,64.0,Male,West,Primary,Salaried,227032.0,200534,Other,696.0,2,109,71.77,2023-08-30,0
CUST1101,,Female,West,Secondary,Salaried,460171.0,1270388,Home,849.0,1,80,84.24,2022-08-15,0
CUST1102,41.0,Female,West,Graduate,Salaried,5195344.0,62930,Car,742.0,0,18,30.89,2022-11-03,0
CUST1103,43.0,Female,East,Post-Graduate,Salaried,294304.0,2521397,Other,522.0,2,50,36.79,2016-06-15,0
CUST1104,42.0,Female,West,Post-Graduate,Salaried,1317903.0,1360363,Other,509.0,1,19,47.14,2022-09-05,0
CUST1105,62.0,Male,South,Graduate,Salaried,80215.0,1385398,Home,539.0,0,71,84.17,2018-01-05,0
CUST1106,58.0,Female,North,Graduate,Unemployed,847166.0,876334,Car,764.0,2,19,82.11,2022-12-13,0
CUST1107,46.0,Male,East,Graduate,Self-Employed,1462296.0,940913,Business,466.0,1,55,17.19,2018-07-13,0
CUST1108,32.0,Male,West,Secondary,Salaried,2162816.0,919694,Business,747.0,1,92,20.55,2019-03-19,0
CUST1109,62.0,Male,East,Post-Graduate,Unemployed,335493.0,867566,Car,394.0,0,114,49.64,2020-01-31,0
CUST1110,18.0,Female,West,Graduate,,1684050.0,1049051,Education,326.0,0,12,18.53,2021-06-12,0
CUST1111,42.0,Male,South,Graduate,Salaried,990155.0,503594,Home,632.0,1,73,37.65,2018-12-02,0
CUST1112,24.0,Male,North,Primary,Salaried,1758083.0,1439993,Car,766.0,3,66,21.87,2018-08-02,0
CUST1113,26.0,Female,West,Secondary,Salaried,593066.0,1465704,Business,490.0,1,55,60.88,2016-01-29,0
CUST1114,41.0,Male,West,Secondary,Unemployed,1798562.0,503919,Other,746.0,1,67,85.96,2021-03-12,1
CUST1115,18.0,Female,West,Post-Graduate,Unemployed,670611.0,354036,Business,692.0,5,72,89.74,2020-07-13,0
CUST1116,61.0,Male,West,Graduate,Salaried,2321085.0,502312,Other,681.0,3,82,40.02,2021-02-15,0
CUST1117,25.0,Female,North,Secondary,Salaried,979084.0,874898,Home,739.0,3,20,57.92,2018-11-20,0
CUST1118,41.0,Female,North,Post-Graduate,Self-Employed,97118.0,358634,Other,706.0,2,88,78.5,2023-07-03,0
CUST1119,28.0,Male,South,Primary,Salaried,2455100.0,5625279,Car,561.0,2,28,19.4,2020-08-24,0
CUST1120,68.0,Male,North,Secondary,Salaried,1743542.0,600819,Other,938.0,1,10,65.17,2021-12-15,1
CUST1121,34.0,Male,West,Primary,Unemployed,664718.0,1377921,Education,562.0,1,61,42.71,2023-09-15,0
CUST1122,25.0,Male,South,Graduate,Self-Employed,683623.0,1200933,Car,617.0,0,35,26.49,2022-10-24,0
CUST1123,52.0,Other,South,Post-Graduate,Unemployed,1529589.0,1429298,Home,734.0,3,10,42.22,2023-12-26,0
CUST1124,52.0,Male,South,Secondary,Unemployed,2272710.0,724186,Car,340.0,1,103,16.08,2019-11-12,0
CUST1125,50.0,Female,West,Post-Graduate,Self-Employed,479017.0,116373,Education,804.0,1,83,65.63,2020-11-24,0
CUST1126,22.0,Male,East,Secondary,Salaried,1887317.0,723201,Home,533.0,1,33,30.22,2020-07-23,1
CUST1127,59.0,Female,West,Post-Graduate,Self-Employed,,874326,Business,447.0,0,71,34.91,2017-06-07,1
CUST1128,56.0,Female,North,Graduate,Salaried,750990.0,51576,Education,844.0,1,79,19.69,2020-04-19,0
CUST1129,58.0,Female,North,Graduate,Self-Employed,1153224.0,498298,Home,391.0,0,7,79.17,2020-09-29,1
CUST1130,45.0,Male,West,Primary,Salaried,274152.0,436491,Other,815.0,3,32,49.48,2018-01-29,0
CUST1131,24.0,Male,West,Post-Graduate,Self-Employed,2228565.0,4573937,Car,411.0,3,78,55.77,2021-11-27,0
CUST1132,26.0,Male,South,Graduate,Salaried,948277.0,1327978,Home,759.0,3,118,55.55,2019-09-13,0
CUST1133,25.0,Female,West,Secondary,Salaried,1899239.0,378292,Car,791.0,0,101,42.84,2019-06-22,0
CUST1134,29.0,Female,South,Graduate,Salaried,238477.0,298116,Other,520.0,0,52,25.4,2020-11-20,0
CUST1135,51.0,Other,North,Secondary,Salaried,2015430.0,5904413,Home,396.0,0,84,69.61,2021-01-26,1
CUST1136,50.0,Male,South,Post-Graduate,Self-Employed,170140.0,810237,Business,692.0,1,14,20.16,2022-01-19,1
CUST1137,65.0,Female,West,Primary,Self-Employed,1157209.0,109888,Education,726.0,0,37,18.31,2023-02-20,0
CUST1138,,Female,North,Graduate,Salaried,1847787.0,1164731,Home,513.0,0,104,66.81,2017-02-02,0
CUST1139,40.0,Male,East,Graduate,Salaried,1443133.0,351701,Other,753.0,0,71,26.71,2023-03-15,0
CUST1140,41.0,Male,South,Primary,Salaried,2409672.0,1356325,Home,553.0,0,73,34.54,2022-09-12,0
CUST1141,54.0,Female,North,Secondary,Salaried,2010873.0,1003215,Car,399.0,2,16,48.02,2020-07-27,0
CUST1142,52.0,Female,South,Primary,Salaried,721621.0,406295,Home,658.0,1,61,45.95,2016-08-26,0
CUST1143,61.0,Female,North,Secondary,Unemployed,300935.0,750602,Business,766.0,0,48,66.69,2020-05-22,1
CUST1144,57.0,Male,North,Secondary,Salaried,817902.0,1479915,Home,676.0,3,17,59.87,2024-06-30,1
CUST1145,39.0,Female,South,Graduate,Salaried,613285.0,589119,Education,772.0,0,28,61.55,2019-02-20,0
CUST1146,44.0,Male,East,Secondary,Salaried,1871396.0,1063388,Home,750.0,3,48,67.12,2020-04-06,0
CUST1147,52.0,Male,North,Secondary,Salaried,1464704.0,807766,Car,,3,61,33.41,2021-11-27,0
CUST1148,18.0,Male,North,Graduate,Salaried,1691735.0,201236,Home,426.0,3,100,35.79,2019-07-18,0
CUST1149,52.0,Female,North,Primary,Self-Employed,1255189.0,77599,Business,754.0,2,20,45.04,2016-10-26,0
CUST1150,54.0,Female,East,Post-Graduate,Salaried,1692119.0,503919,Other,832.0,2,100,34.6,2024-05-07,0
CUST1151,64.0,Female,East,Post-Graduate,Salaried,2178667.0,773264,Home,422.0,2,113,88.8,2020-10-31,0
CUST1152,31.0,Male,West,Graduate,Salaried,1676246.0,1035594,Home,360.0,3,105,75.12,2018-02-02,0
CUST1153,20.0,Female,South,Graduate,Salaried,1901644.0,270056,Education,753.0,1,104,23.17,2016-09-05,0
CUST1154,18.0,Male,East,Post-Graduate,Salaried,1664645.0,586107,Business,667.0,1,25,10.45,2023-01-12,1
CUST1155,22.0,Female,South,Secondary,,2247626.0,959950,Other,827.0,2,115,13.42,2016-02-03,0
CUST1156,43.0,Male,West,Primary,Self-Employed,670611.0,979133,Car,745.0,0,80,29.53,2016-08-15,1
CUST1157,,Male,South,Secondary,Self-Employed,2428991.0,1027821,Home,791.0,2,55,19.14,2017-08-07,0
CUST1158,31.0,Male,East,Graduate,Salaried,1226375.0,890665,Other,749.0,3,25,52.67,2024-03-24,0
CUST1159,56.0,Male,South,Primary,Salaried,217900.0,946185,Car,581.0,1,64,78.64,2023-10-31,0
CUST1160,44.0,Female,East,Graduate,Salaried,5769361.0,317667,Business,564.0,1,55,68.94,2017-12-24,0
CUST1161,26.0,Female,South,Post-Graduate,Self-Employed,1924298.0,5856786,Business,702.0,3,25,27.25,2023-03-16,0
CUST1162,32.0,Male,East,Post-Graduate,Self-Employed,1589390.0,264085,Other,548.0,0,111,41.94,2017-07-23,0
CUST1163,32.0,Female,East,Graduate,Salaried,1756644.0,1363824,Car,469.0,0,10,50.63,2016-08-07,0
CUST1164,43.0,Male,South,Primary,Salaried,1840328.0,124455,Business,742.0,2,77,74.82,2019-10-26,0
CUST1165,59.0,Female,West,Graduate,Salaried,1447064.0,603722,Other,672.0,3,69,77.13,2023-10-05,1
CUST1166,30.0,Female,North,Graduate,Unemployed,1038378.0,1441910,Business,394.0,2,80,82.78,2023-01-19,0
CUST1167,68.0,Female,West,Primary,Self-Employed,1044795.0,986176,Business,354.0,0,62,50.74,2021-10-23,0
CUST1168,49.0,Male,South,Primary,Salaried,1915515.0,445976,Business,672.0,1,82,65.54,2020-06-29,0
CUST1169,56.0,Female,West,Post-Graduate,Salaried,169360.0,846117,Education,393.0,1,10,18.94,2016-05-15,0
CUST1170,66.0,Female,East,Graduate,Self-Employed,110063.0,744261,Car,680.0,1,69,55.22,2021-10-22,1
CUST1171,69.0,Male,North,Graduate,Salaried,1732131.0,91192,Other,772.0,1,90,29.9,2016-09-10,0
CUST1172,49.0,Male,South,Post-Graduate,Salaried,,550112,Other,638.0,0,38,44.54,2024-06-16,0
CUST1173,21.0,Female,South,Graduate,Salaried,1578710.0,1175640,Car,562.0,1,60,60.72,2021-05-08,0
CUST1174,47.0,Female,South,Graduate,Self-Employed,1674502.0,1056153,Car,570.0,1,79,30.56,2024-05-27,0
CUST1175,54.0,Female,North,Secondary,Salaried,508556.0,1331288,Car,307.0,3,7,14.17,2024-07-11,0
CUST1176,40.0,Female,East,Secondary,Salaried,2198219.0,511632,Car,827.0,0,46,10.82,2016-02-19,0
CUST1177,56.0,Female,South,Secondary,Unemployed,894661.0,1233183,Home,710.0,0,66,11.77,2017-05-29,1
CUST1178,62.0,Male,West,Graduate,Salaried,1037726.0,375992,Other,414.0,0,10,10.67,2023-08-23,1
CUST1179,32.0,Male,South,Graduate,Salaried,2362702.0,705899,Home,689.0,0,10,18.83,2023-08-10,0
CUST1180,60.0,Male,South,Post-Graduate,Salaried,576232.0,637337,Business,737.0,1,67,29.16,2023-03-03,0
CUST1181,46.0,Female,South,Secondary,Salaried,849565.0,918943,Business,601.0,1,24,27.7,2021-01-11,0
CUST1182,53.0,Male,South,Graduate,Self-Employed,2087878.0,957699,Other,380.0,1,25,88.94,2017-07-29,0
CUST1183,30.0,Female,East,Graduate,Salaried,1887317.0,71269,Business,783.0,0,6,34.48,2019-03-11,0
CUST1184,49.0,Female,West,Graduate,Salaried,496690.0,1418287,Car,330.0,1,94,20.19,2018-06-21,0
CUST1185,24.0,Female,East,Graduate,Self-Employed,2182882.0,454632,Home,790.0,0,99,53.65,2022-02-27,1
CUST1186,68.0,Male,West,Secondary,Self-Employed,1633744.0,1371708,Car,549.0,2,94,78.64,2022-03-04,0
CUST1187,39.0,Female,South,Graduate,Self-Employed,145756.0,673703,Business,732.0,0,60,64.24,2017-02-18,0
CUST1188,45.0,Male,North,Primary,Salaried,1238343.0,2792425,Home,650.0,4,100,33.69,2022-03-18,0
CUST1189,19.0,Female,East,Secondary,Salaried,1924298.0,166149,Car,564.0,0,14,54.93,2023-09-06,0
CUST1190,59.0,Male,North,Secondary,Self-Employed,1016114.0,279836,Other,645.0,1,91,67.19,2019-01-09,0
CUST1191,62.0,Male,East,Graduate,Salaried,1242180.0,1285878,Car,490.0,2,74,68.25,2018-02-01,0
CUST1192,,Female,South,Post-Graduate,Unemployed,500993.0,1175640,Business,381.0,4,27,63.32,2017-07-16,0
CUST1193,,Male,East,Graduate,Unemployed,880607.0,636962,Home,495.0,0,96,79.66,2022-08-13,0
CUST1194,23.0,Male,South,Graduate,Unemployed,1461710.0,436491,Other,491.0,2,117,79.61,2020-02-24,0
CUST1195,45.0,Female,East,Graduate,Salaried,1806131.0,518195,Home,766.0,1,34,56.31,2021-04-18,0
CUST1196,45.0,Female,South,Graduate,Salaried,2348693.0,658935,Other,303.0,0,82,44.39,2024-01-22,0
CUST1197,61.0,Female,South,Primary,Self-Employed,1098454.0,1249033,Home,525.0,1,41,61.33,2019-10-01,0
CUST1198,61.0,Female,West,Secondary,Salaried,1016114.0,1123982,Business,348.0,1,59,75.46,2016-07-22,0
CUST1199,37.0,Female,South,Secondary,Salaried,1701788.0,1006684,Other,573.0,1,100,10.45,2024-06-23,1
CUST1200,47.0,Male,West,Secondary,Unemployed,4416561.0,1385097,Education,739.0,1,53,89.36,2024-03-23,0
CUST1201,28.0,Male,South,Primary,Unemployed,2260943.0,1333369,Home,846.0,0,38,24.63,2020-04-25,1
CUST1202,,Male,North,Primary,Salaried,143014.0,660458,Home,392.0,1,109,47.62,2016-03-09,0
CUST1203,45.0,Female,South,Secondary,Salaried,911635.0,619872,Car,606.0,2,48,79.76,2017-05-30,0
CUST1204,42.0,Female,North,Post-Graduate,Salaried,1154657.0,1327978,Other,318.0,2,119,28.0,2022-04-06,0
CUST1205,56.0,Male,North,Secondary,Unemployed,198920.0,109888,Education,763.0,0,26,48.14,2016-12-26,0
CUST1206,50.0,Male,South,Secondary,Unemployed,2260139.0,348774,Business,561.0,2,35,20.61,2020-01-04,0
CUST1207,18.0,Female,North,Secondary,Salaried,2014790.0,658935,Car,543.0,1,11,41.61,2018-11-20,0
CUST1208,,Male,West,Graduate,Salaried,2419189.0,1168422,Education,369.0,2,109,24.17,2021-04-06,0
CUST1209,44.0,Female,East,Secondary,Unemployed,1154657.0,720681,Other,358.0,1,25,39.09,2020-07-10,0
CUST1210,,Female,South,Secondary,Salaried,1098725.0,298116,Education,601.0,0,20,39.88,2017-12-07,0
CUST1211,69.0,Female,North,Graduate,Salaried,1789910.0,892839,Home,619.0,2,24,89.45,2020-06-13,0
CUST1212,30.0,Male,South,Primary,,1729260.0,50655,Home,742.0,2,47,89.59,2023-06-30,0
CUST1213,58.0,Female,West,Primary,Salaried,897166.0,1018651,Car,846.0,2,48,19.18,2017-10-18,0
CUST1214,20.0,Female,South,Secondary,Self-Employed,1031302.0,502312,Other,772.0,5,51,68.08,2019-09-07,0
CUST1215,56.0,Female,South,Primary,Salaried,600082.0,516626,Other,332.0,2,118,14.14,2016-12-09,0
CUST1216,23.0,Female,North,Primary,Salaried,2178053.0,1441120,Education,664.0,0,23,12.42,2017-06-19,0
CUST1217,25.0,Female,West,Secondary,Unemployed,134745.0,468744,Car,,2,52,18.43,2016-12-20,0
CUST1218,44.0,Female,East,Graduate,Salaried,1200113.0,1262676,Other,522.0,3,100,87.24,2018-07-16,0
CUST1219,26.0,Male,East,Graduate,,1245158.0,99351,Home,770.0,1,83,85.27,2018-09-09,0
CUST1220,54.0,Female,North,Graduate,Self-Employed,2270002.0,466670,Education,772.0,0,73,25.51,2021-07-10,0
CUST1221,50.0,Female,South,Secondary,Salaried,171563.0,722289,Business,488.0,1,15,22.93,2021-11-22,0
CUST1222,68.0,Male,North,Post-Graduate,Salaried,1445103.0,320696,Home,624.0,3,83,29.24,2019-09-07,0
CUST1223,59.0,Female,North,Secondary,Salaried,1226375.0,1351696,Car,572.0,0,33,51.24,2020-05-14,1
CUST1224,61.0,Female,North,Primary,Salaried,1571422.0,388234,Other,635.0,0,118,55.58,2021-03-21,0
CUST1225,41.0,Female,South,Graduate,Salaried,1600871.0,1459692,Home,764.0,1,49,27.73,2024-03-28,0
CUST1226,32.0,Male,West,Primary,Salaried,1220449.0,478934,Business,758.0,0,72,70.53,2017-06-10,0
CUST1227,,Male,North,Secondary,Salaried,985112.0,1389648,Business,493.0,1,117,34.76,2022-12-26,0
CUST1228,49.0,Other,South,Graduate,Self-Employed,2180326.0,1342867,Car,,1,40,83.77,2024-08-22,0
CUST1229,49.0,Female,West,Post-Graduate,Self-Employed,1705199.0,1110402,Home,365.0,0,52,62.54,2018-07-19,0
CUST1230,41.0,Male,North,Secondary,Self-Employed,5195344.0,478934,Education,796.0,0,91,44.91,2023-07-19,0
CUST1231,58.0,Female,East,Graduate,Salaried,10055931.0,1441120,Home,744.0,1,19,73.19,2022-04-01,0
CUST1232,69.0,Female,West,Post-Graduate,Salaried,2239439.0,79476,Business,,3,114,75.43,2021-04-30,0
CUST1233,66.0,Female,North,Primary,Self-Employed,766290.0,1297633,Car,376.0,1,48,33.24,2019-07-10,0
CUST1234,66.0,Female,West,Secondary,Salaried,352544.0,631513,Car,504.0,2,71,37.18,2024-06-04,0
CUST1235,69.0,Male,West,Secondary,Salaried,477783.0,112867,Education,595.0,1,100,84.88,2022-12-16,0
CUST1236,29.0,Male,West,Secondary,Unemployed,1864292.0,108209,Car,572.0,0,78,23.18,2021-03-31,0
CUST1237,56.0,Male,West,Secondary,Self-Employed,706840.0,1250575,Car,811.0,0,44,13.37,2020-05-12,0
CUST1238,19.0,Female,West,Post-Graduate,Salaried,1267030.0,597769,Car,837.0,1,106,46.32,2024-01-04,0
CUST1239,20.0,Male,West,Graduate,Salaried,205849.0,971631,Car,512.0,0,90,74.1,2019-10-05,0
CUST1240,66.0,Male,North,Graduate,Self-Employed,2168097.0,1269879,Car,716.0,1,18,71.73,2019-05-08,0
CUST1241,54.0,Male,East,Secondary,Self-Employed,2078547.0,677999,Business,385.0,1,67,83.56,2021-05-13,0
CUST1242,66.0,Female,South,Graduate,Self-Employed,2059746.0,943605,Home,780.0,0,85,52.66,2024-04-02,0
CUST1243,,Female,West,Post-Graduate,Self-Employed,2272942.0,381060,Other,716.0,1,89,18.01,2018-08-23,0
CUST1244,34.0,Male,South,Graduate,Unemployed,1853216.0,1272222,Car,503.0,1,55,57.1,2018-08-21,0
CUST1245,66.0,Male,North,Primary,Salaried,751986.0,254793,Other,621.0,1,116,72.27,2018-06-15,0
CUST1246,19.0,Female,West,Graduate,Salaried,1924277.0,1067886,Other,436.0,2,83,17.47,2019-09-20,0
CUST1247,19.0,Male,East,Primary,Self-Employed,765493.0,1416511,Business,643.0,1,62,23.81,2016-08-04,0
CUST1248,45.0,Male,South,Secondary,Self-Employed,2198219.0,935721,Car,782.0,1,19,10.98,2017-09-14,0
CUST1249,,Male,West,Primary,Self-Employed,2401889.0,219921,Other,699.0,1,69,57.49,2016-12-18,0
CUST1250,40.0,Male,North,Graduate,Salaried,765338.0,912693,Car,501.0,2,92,80.94,2017-11-22,0
CUST1251,54.0,Male,East,Graduate,Salaried,2330618.0,840506,Education,580.0,2,59,63.65,2023-06-15,0
CUST1252,49.0,Female,South,Primary,Unemployed,198542.0,453327,Education,496.0,0,80,88.56,2017-09-22,0
CUST1253,50.0,Male,South,Secondary,Self-Employed,2168097.0,336604,Education,308.0,3,14,15.04,2022-06-30,0
CUST1254,18.0,Female,West,Secondary,Unemployed,894661.0,1376649,Other,802.0,0,114,82.24,2024-01-27,0
CUST1255,36.0,Male,East,Secondary,Self-Employed,2302811.0,56505,Education,840.0,1,110,75.13,2019-03-14,0
CUST1256,19.0,Female,East,Primary,Self-Employed,343606.0,201236,Business,,0,46,35.14,2022-06-13,0
CUST1257,,Female,East,Secondary,Self-Employed,805571.0,902377,Business,919.0,0,99,87.88,2017-10-15,0
CUST1258,61.0,Male,East,Graduate,Unemployed,2014790.0,1079708,Other,566.0,1,15,33.04,2022-05-21,0
CUST1259,43.0,Female,North,Primary,Self-Employed,425430.0,473931,Car,564.0,0,20,81.14,2017-01-26,0
CUST1260,49.0,Male,East,Primary,Self-Employed,281904.0,837040,Home,303.0,1,77,80.46,2022-08-04,0
CUST1261,23.0,Other,South,Secondary,Salaried,2287928.0,1296488,Car,510.0,0,115,70.61,2018-02-07,0
CUST1262,49.0,Male,South,Post-Graduate,Salaried,1245158.0,92119,Car,619.0,0,82,55.08,2018-03-07,0
CUST1263,,Male,North,Graduate,Self-Employed,1152930.0,1390573,Car,726.0,1,23,19.6,2018-07-20,1
CUST1264,21.0,Male,South,Graduate,Salaried,113783.0,889734,Car,552.0,0,35,52.56,2021-05-24,0
CUST1265,,Other,South,Secondary,Salaried,951905.0,1331288,Home,495.0,2,77,38.54,2016-06-13,0
CUST1266,28.0,Female,East,Graduate,Salaried,496704.0,878152,Education,396.0,1,104,73.38,2018-01-02,0
CUST1267,,Female,South,Primary,Salaried,957751.0,589119,Car,463.0,1,57,70.65,2017-08-03,0
CUST1268,34.0,Male,North,Graduate,Salaried,2494488.0,1446234,Business,726.0,0,107,82.85,2018-03-31,1
CUST1269,55.0,Female,East,Post-Graduate,Salaried,551761.0,885695,Other,435.0,1,94,11.19,2019-06-01,0
CUST1270,41.0,Male,West,Graduate,Unemployed,2408033.0,1478586,Other,559.0,2,12,74.73,2016-05-03,0
CUST1271,22.0,Female,East,Post-Graduate,Salaried,1220449.0,1006684,Business,570.0,1,28,85.08,2021-05-25,0
CUST1272,69.0,Male,North,Graduate,Salaried,888524.0,473931,Car,719.0,0,12,73.14,2016-12-09,0
CUST1273,51.0,Male,East,Primary,Salaried,881125.0,712387,Home,578.0,2,87,20.42,2021-02-17,1
CUST1274,23.0,Male,East,Post-Graduate,Self-Employed,1720975.0,1483953,Education,664.0,4,115,16.5,2017-06-07,1
CUST1275,39.0,Male,North,Primary,Salaried,1883500.0,1216397,Other,405.0,2,52,11.67,2024-07-20,0
CUST1276,28.0,Female,East,Graduate,Unemployed,769995.0,550112,Education,553.0,0,34,60.3,2016-05-08,0
CUST1277,65.0,Male,North,Primary,Self-Employed,440306.0,1180065,Home,756.0,4,62,60.37,2019-03-04,0
CUST1278,33.0,Female,North,Primary,Self-Employed,988063.0,1497355,Other,865.0,0,90,88.95,2023-05-28,0
CUST1279,50.0,Male,West,Secondary,Salaried,1401024.0,600178,Education,388.0,0,59,41.84,2024-10-03,0
CUST1280,26.0,Female,South,Secondary,Self-Employed,575919.0,1376649,Home,708.0,0,77,36.55,2023-08-17,0
CUST1281,23.0,Male,South,Secondary,Salaried,600082.0,1200933,Education,447.0,3,66,59.95,2024-03-05,1
CUST1282,33.0,Male,East,Graduate,Unemployed,1299925.0,54363,Car,445.0,0,112,76.05,2021-10-19,0
CUST1283,46.0,Female,East,Primary,Self-Employed,2032634.0,643655,Home,431.0,0,52,84.94,2022-05-09,0
CUST1284,20.0,Male,West,Primary,Salaried,694101.0,1418710,Education,642.0,0,8,74.25,2019-04-25,0
CUST1285,37.0,Male,West,Graduate,Salaried,,587373,Car,394.0,1,41,44.13,2018-10-23,1
CUST1286,53.0,Female,West,Secondary,Salaried,1471579.0,1180065,Car,766.0,0,12,60.79,2019-08-01,0
CUST1287,36.0,Female,North,Graduate,Self-Employed,2272710.0,83997,Home,809.0,1,5,78.5,2016-01-22,0
CUST1288,43.0,Male,West,Graduate,Salaried,2241117.0,1441188,Business,317.0,1,96,49.25,2016-06-14,0
CUST1289,20.0,Male,West,Graduate,Self-Employed,831993.0,987671,Other,454.0,1,74,27.33,2019-08-26,0
CUST1290,36.0,Female,East,Graduate,Salaried,1584558.0,1370312,Home,649.0,1,51,23.58,2024-01-01,1
CUST1291,37.0,Male,West,Secondary,Self-Employed,1183546.0,878964,Car,478.0,2,104,10.01,2020-02-09,0
CUST1292,49.0,Male,North,Graduate,Unemployed,2228185.0,843071,Car,488.0,2,79,67.46,2017-05-12,0
CUST1293,24.0,Male,North,Secondary,Self-Employed,1848693.0,1088048,Home,749.0,0,9,18.89,2017-03-09,0
CUST1294,69.0,Female,East,Secondary,Self-Employed,2156259.0,471758,Business,744.0,1,54,29.51,2023-09-06,0
CUST1295,58.0,Female,West,Graduate,Salaried,399658.0,1367218,Other,381.0,0,28,33.83,2022-03-31,0
CUST1296,50.0,Male,West,Secondary,Salaried,1941663.0,219937,Education,469.0,1,51,54.83,2018-04-16,0
CUST1297,57.0,Male,North,Graduate,Self-Employed,1867500.0,1494889,Home,581.0,0,22,41.84,2020-08-20,0
CUST1298,56.0,Male,West,Graduate,Salaried,2143729.0,1150831,Other,332.0,2,88,63.97,2017-10-24,1
CUST1299,35.0,Female,West,Post-Graduate,Salaried,2419189.0,943946,Other,343.0,2,32,14.45,2017-12-25,0
CUST1300,57.0,Male,West,Post-Graduate,Salaried,477172.0,1275512,Car,412.0,1,81,19.92,2017-01-10,0
CUST1301,18.0,Male,South,Secondary,Salaried,1915515.0,509498,Education,424.0,3,9,49.94,2023-08-09,0
CUST1302,28.0,Female,East,Secondary,Salaried,1887720.0,281666,Home,849.0,2,34,36.96,2016-10-29,1
CUST1303,45.0,Male,South,Graduate,Unemployed,670611.0,1222834,Car,818.0,2,5,33.67,2022-09-18,0
CUST1304,,Female,East,Secondary,Salaried,727952.0,915621,Car,711.0,2,90,15.36,2020-08-13,0
CUST1305,42.0,Male,North,Graduate,Self-Employed,670611.0,316287,Business,726.0,1,86,81.66,2017-12-08,0
CUST1306,67.0,Male,West,Graduate,Salaried,697585.0,692222,Other,773.0,2,50,65.35,2018-07-05,0
CUST1307,40.0,Male,East,Graduate,Self-Employed,2279318.0,910292,Home,525.0,1,73,19.73,2021-08-30,0
CUST1308,48.0,Female,South,Secondary,Salaried,1996541.0,523027,Home,439.0,1,35,15.2,2016-09-13,1
CUST1309,47.0,Female,West,Secondary,Unemployed,1242180.0,925668,Home,650.0,1,74,87.99,2017-02-02,1
CUST1310,59.0,Female,North,Secondary,Unemployed,1738990.0,133535,Car,385.0,0,95,64.49,2016-02-20,1
CUST1311,52.0,Male,East,Primary,Salaried,1705199.0,1418287,Business,663.0,0,60,43.4,2022-10-30,0
CUST1312,24.0,Female,East,Post-Graduate,Unemployed,1732131.0,174375,Education,435.0,0,93,66.14,2023-11-14,1
CUST1313,33.0,Male,East,Secondary,,1110065.0,555825,Car,616.0,2,97,70.51,2017-08-17,1
CUST1314,43.0,Male,West,Secondary,Unemployed,477172.0,290529,Education,709.0,3,32,72.4,2018-03-28,1
CUST1315,65.0,Female,South,Primary,Unemployed,1008864.0,716093,Business,789.0,1,20,48.23,2017-09-27,0
CUST1316,,Male,South,Graduate,Salaried,1762620.0,377761,Other,340.0,2,58,44.39,2018-12-08,0
CUST1317,69.0,Male,East,Graduate,Self-Employed,1504473.0,1418287,Home,404.0,1,57,10.88,2020-07-10,0
CUST1318,66.0,Male,North,Secondary,Salaried,1786930.0,1388356,Education,789.0,2,16,84.12,2019-02-15,1
CUST1319,19.0,Male,North,Primary,Salaried,1547256.0,844299,Car,667.0,1,24,58.26,2020-01-16,0
CUST1320,18.0,Male,South,Secondary,,846868.0,1042884,Education,340.0,3,86,26.25,2018-02-13,0
CUST1321,65.0,Female,North,Secondary,Salaried,742714.0,824042,Other,506.0,0,38,83.57,2024-04-08,1
CUST1322,29.0,Male,South,Graduate,Self-Employed,152684.0,45385,Home,766.0,0,57,83.19,2021-05-24,0
CUST1323,22.0,Female,East,Graduate,Unemployed,345039.0,690284,Education,902.0,0,68,89.13,2020-07-22,0
CUST1324,54.0,Female,South,Secondary,Unemployed,1236191.0,415105,Other,,1,27,79.92,2017-01-31,1
CUST1325,49.0,Male,South,Secondary,,1455786.0,5752331,Car,494.0,2,113,89.82,2023-06-23,1
CUST1326,,Male,East,Post-Graduate,Salaried,2008084.0,211062,Business,780.0,0,31,29.57,2024-06-25,0
CUST1327,26.0,Male,North,Secondary,Salaried,,1222564,Car,445.0,0,117,77.38,2023-07-21,1
CUST1328,58.0,Female,South,Graduate,Salaried,2146905.0,304548,Home,781.0,1,21,75.84,2019-10-27,0
CUST1329,52.0,Male,South,Primary,Salaried,2182882.0,686884,Car,801.0,0,52,28.48,2019-01-25,0
CUST1330,36.0,Female,East,Secondary,Salaried,1840328.0,736014,Car,581.0,2,25,17.88,2017-06-12,0
CUST1331,65.0,Male,North,Primary,Salaried,8854487.0,417932,Car,,1,54,88.35,2017-11-15,0
CUST1332,33.0,Female,South,Graduate,Self-Employed,1409785.0,471758,Car,748.0,2,44,33.68,2023-04-14,0
CUST1333,20.0,Male,East,Post-Graduate,Self-Employed,1606369.0,1356325,Home,564.0,1,99,79.67,2022-02-11,0
CUST1334,37.0,Male,South,Secondary,Salaried,1138213.0,866713,Other,610.0,0,7,10.33,2023-07-06,1
CUST1335,41.0,Female,West,Primary,Self-Employed,1181627.0,211062,Education,736.0,1,21,11.68,2022-03-12,0
CUST1336,,Female,East,Primary,Salaried,11539348.0,349186,Business,793.0,1,65,47.27,2022-03-13,1
CUST1337,,Male,North,Secondary,Salaried,1887317.0,187255,Education,616.0,1,54,29.1,2021-09-07,0
CUST1338,50.0,Female,North,Secondary,Self-Employed,1570641.0,1296488,Education,816.0,1,94,65.19,2016-04-11,0
CUST1339,41.0,Female,North,Primary,Self-Employed,296486.0,1031507,Business,394.0,0,91,55.25,2016-05-02,1
CUST1340,69.0,Female,North,Graduate,Self-Employed,487014.0,290710,Home,471.0,3,10,16.2,2021-10-02,1
CUST1341,28.0,Female,South,Secondary,Salaried,1075893.0,294395,Business,801.0,0,32,23.01,2019-07-30,0
CUST1342,66.0,Male,South,Secondary,Unemployed,1038378.0,1435971,Home,813.0,2,76,41.04,2020-06-25,0
CUST1343,25.0,Male,North,Post-Graduate,Self-Employed,1267030.0,237158,Education,321.0,1,59,24.85,2019-02-14,0
CUST1344,53.0,Male,North,Primary,Self-Employed,182780.0,1238488,Home,663.0,5,62,73.38,2017-09-07,0
CUST1345,55.0,Female,North,Post-Graduate,Self-Employed,274152.0,190185,Other,487.0,1,49,43.29,2017-07-10,1
CUST1346,57.0,Female,South,Secondary,Unemployed,2476629.0,1080482,Business,777.0,1,76,17.47,2016-04-23,0
CUST1347,37.0,Male,North,Post-Graduate,Self-Employed,2263955.0,1348246,Other,693.0,1,23,48.75,2023-12-12,0
CUST1348,52.0,Male,North,Graduate,Self-Employed,1774548.0,58477,Education,450.0,2,106,17.27,2020-04-15,0
CUST1349,65.0,Female,West,Graduate,,2015430.0,1191729,Business,338.0,1,33,20.31,2023-06-16,0
CUST1350,42.0,Other,West,Post-Graduate,Self-Employed,767235.0,445976,Education,687.0,1,27,29.17,2018-09-03,0
CUST1351,52.0,Female,North,Secondary,Salaried,1236191.0,641868,Other,641.0,1,115,78.76,2017-12-01,0
CUST1352,42.0,Male,East,Post-Graduate,Self-Employed,1038378.0,100309,Education,439.0,0,36,83.97,2019-08-09,0
CUST1353,46.0,Male,North,Secondary,Salaried,685108.0,80711,Business,561.0,1,14,76.1,2024-12-10,0
CUST1354,35.0,Male,West,Secondary,Salaried,1743542.0,3713043,Business,842.0,1,95,36.73,2022-05-28,0
CUST1355,63.0,Female,East,Secondary,Self-Employed,1226204.0,178469,Education,790.0,1,53,31.8,2016-09-17,0
CUST1356,35.0,Male,East,Graduate,Unemployed,440306.0,1477922,Business,381.0,1,69,53.93,2024-12-22,0
CUST1357,19.0,Female,North,Secondary,Unemployed,2113436.0,622610,Business,503.0,1,107,67.75,2023-02-24,1
CUST1358,,Male,West,Graduate,Salaried,621220.0,54363,Education,764.0,2,33,89.47,2021-09-27,0
CUST1359,52.0,Female,West,Graduate,Salaried,2371947.0,788849,Other,366.0,0,63,20.53,2018-10-26,0
CUST1360,33.0,Female,East,Graduate,Salaried,685108.0,2258480,Business,392.0,0,49,13.94,2017-01-13,1
CUST1361,58.0,Female,North,Graduate,,2169706.0,1012426,Business,732.0,0,71,65.55,2021-03-24,0
CUST1362,53.0,Male,South,Secondary,,2466537.0,177631,Business,977.0,0,55,76.58,2022-03-21,0
CUST1363,50.0,Male,South,Secondary,Self-Employed,546589.0,813077,Business,771.0,0,115,77.71,2018-11-12,0
CUST1364,21.0,Male,West,Secondary,Unemployed,1808235.0,1298182,Education,748.0,1,105,64.28,2018-10-04,0
CUST1365,50.0,Female,South,Secondary,Self-Employed,1441212.0,518195,Other,393.0,1,99,86.32,2023-05-28,0
CUST1366,31.0,Female,West,Primary,Self-Employed,2321085.0,1033750,Other,489.0,2,15,50.88,2016-04-19,0
CUST1367,38.0,Female,West,Secondary,Salaried,912307.0,92119,Home,753.0,0,90,83.11,2023-08-03,0
CUST1368,65.0,Female,West,Secondary,Salaried,1128966.0,451777,Business,772.0,0,86,87.42,2023-02-13,0
CUST1369,37.0,Female,South,Post-Graduate,Self-Employed,2010873.0,466670,Business,731.0,0,103,77.77,2019-11-23,1
CUST1370,,Male,West,Graduate,Self-Employed,708474.0,1183419,Home,479.0,1,10,34.78,2024-11-17,0
CUST1371,25.0,Female,East,Secondary,Salaried,1088314.0,488521,Other,567.0,0,71,25.7,2018-10-02,0
CUST1372,24.0,Male,North,Graduate,Unemployed,2366789.0,1465367,Car,608.0,0,66,53.85,2017-11-28,1
CUST1373,20.0,Male,North,Primary,Salaried,1033197.0,748730,Car,587.0,2,9,46.24,2023-08-05,0
CUST1374,34.0,Female,West,Secondary,Salaried,827948.0,650804,Other,510.0,1,13,80.22,2016-11-01,0
CUST1375,50.0,Male,North,Graduate,Self-Employed,1689425.0,1432964,Business,554.0,0,32,18.0,2020-05-24,1
CUST1376,65.0,Male,South,Secondary,Self-Employed,447747.0,211062,Car,726.0,1,87,30.62,2020-09-27,0
CUST1377,29.0,Female,South,Secondary,Self-Employed,1376573.0,900793,Education,314.0,1,96,70.14,2018-08-16,0
CUST1378,68.0,Male,North,Post-Graduate,Salaried,1171174.0,37265,Education,540.0,1,95,17.6,2018-08-11,1
CUST1379,39.0,Female,South,Post-Graduate,Salaried,1729260.0,937153,Home,638.0,1,81,35.66,2019-03-20,0
CUST1380,,Male,North,Graduate,Self-Employed,627571.0,786556,Other,756.0,1,42,40.97,2023-04-22,0
CUST1381,39.0,Male,North,Graduate,Self-Employed,251277.0,423445,Other,650.0,1,47,59.81,2023-05-01,1
CUST1382,63.0,Male,North,Graduate,Salaried,551761.0,638434,Car,672.0,0,25,22.65,2024-01-03,1
CUST1383,47.0,Male,West,Secondary,Self-Employed,1249694.0,109888,Business,510.0,0,95,78.85,2020-06-18,1
CUST1384,55.0,Female,North,Secondary,Salaried,1226204.0,521638,Other,520.0,3,66,45.8,2020-11-26,0
CUST1385,55.0,Male,West,Primary,Self-Employed,294304.0,1012716,Car,421.0,2,50,83.36,2023-02-16,0
CUST1386,62.0,Female,North,Secondary,Unemployed,2154520.0,494271,Car,302.0,1,74,47.43,2021-05-25,0
CUST1387,68.0,Male,North,Graduate,Salaried,1583061.0,672742,Other,414.0,3,42,32.0,2016-03-07,0
CUST1388,,Female,North,Secondary,Salaried,1470598.0,695727,Car,548.0,0,53,21.35,2019-03-25,0
CUST1389,25.0,Female,South,Post-Graduate,Self-Employed,1280847.0,1253326,Home,369.0,2,79,10.3,2018-04-14,0
CUST1390,44.0,Female,West,Post-Graduate,Self-Employed,1390015.0,886566,Home,771.0,0,115,52.57,2016-07-24,0
CUST1391,44.0,Male,West,Graduate,Self-Employed,1621037.0,424798,Other,849.0,0,109,18.57,2023-10-04,0
CUST1392,51.0,Male,North,Graduate,Unemployed,2499493.0,660368,Business,902.0,1,85,41.34,2016-06-03,0
CUST1393,38.0,Male,North,Post-Graduate,Unemployed,1960164.0,117876,Home,324.0,1,43,57.14,2020-09-10,0
CUST1394,47.0,Female,South,Primary,,1250473.0,1037787,Home,722.0,1,75,32.05,2020-03-12,1
CUST1395,50.0,Male,South,Graduate,Salaried,1691735.0,71269,Other,789.0,0,34,24.02,2020-05-14,0
CUST1396,45.0,Female,South,Primary,Salaried,499007.0,934603,Education,779.0,1,25,71.98,2021-08-07,0
CUST1397,64.0,Female,West,Graduate,Salaried,685751.0,1067886,Car,746.0,0,5,85.74,2024-08-11,1
CUST1398,50.0,Male,West,Secondary,Salaried,1480465.0,3167900,Home,695.0,0,93,18.04,2024-07-17,0
CUST1399,22.0,Female,West,Post-Graduate,Self-Employed,377542.0,1434509,Education,520.0,0,36,22.45,2023-10-01,0
CUST1400,65.0,Male,North,Post-Graduate,Salaried,2060407.0,901901,Business,672.0,2,12,86.8,2020-01-30,0
CUST1401,36.0,Male,West,Primary,Unemployed,1235933.0,853265,Education,579.0,2,73,13.02,2023-03-17,1
CUST1402,21.0,Female,East,Secondary,Self-Employed,1476102.0,950631,Other,453.0,2,34,88.21,2017-12-08,0
CUST1403,52.0,Female,East,Post-Graduate,Self-Employed,1138503.0,270056,Business,840.0,0,119,10.37,2021-04-18,0
CUST1404,66.0,Female,South,Secondary,Salaried,9444408.0,1027821,Business,542.0,0,12,79.89,2016-06-27,1
CUST1405,34.0,Male,West,Post-Graduate,Salaried,1693560.0,1055607,Education,965.0,0,117,34.59,2018-12-07,1
CUST1406,61.0,Male,East,Graduate,Salaried,2387600.0,840506,Other,346.0,2,23,85.09,2018-12-31,0
CUST1407,45.0,Female,South,Secondary,Salaried,1801793.0,1345777,Home,702.0,3,112,35.36,2016-04-22,1
CUST1408,47.0,Female,West,Secondary,Salaried,1683969.0,1050004,Education,522.0,1,63,62.34,2018-01-26,1
CUST1409,46.0,Female,North,Secondary,Self-Employed,1043544.0,904072,Home,457.0,0,59,16.4,2018-06-15,0
CUST1410,63.0,Male,East,Graduate,Unemployed,593066.0,1032682,Education,462.0,0,34,29.39,2021-04-10,0
CUST1411,,Female,North,Secondary,Unemployed,1849617.0,1392944,Home,,2,83,71.89,2023-11-08,0
CUST1412,23.0,Male,West,Graduate,Self-Employed,1571422.0,354036,Education,629.0,2,40,52.29,2016-06-07,0
CUST1413,52.0,Male,East,Secondary,Salaried,189779.0,471758,Business,346.0,0,59,84.24,2018-02-24,1
CUST1414,58.0,Female,West,Graduate,Unemployed,454368.0,420732,Car,337.0,2,48,44.3,2020-12-08,0
CUST1415,54.0,Male,North,Post-Graduate,Unemployed,1808235.0,100246,Business,507.0,2,31,79.58,2021-01-13,1
CUST1416,41.0,Female,East,Post-Graduate,Salaried,1236191.0,651458,Home,368.0,0,81,45.92,2024-06-28,0
CUST1417,46.0,Male,North,Secondary,Self-Employed,1720975.0,114363,Other,781.0,0,82,88.34,2024-09-03,0
CUST1418,66.0,Male,West,Graduate,Salaried,1681956.0,1454150,Business,709.0,1,105,86.79,2022-04-17,0
CUST1419,63.0,Female,West,Graduate,Unemployed,2143729.0,453327,Car,777.0,2,58,36.33,2020-03-22,0
CUST1420,,Female,North,Graduate,,2348108.0,269647,Home,564.0,3,52,80.87,2024-08-29,1
CUST1421,48.0,Female,East,Post-Graduate,Salaried,966388.0,627993,Business,773.0,3,34,77.81,2016-04-22,0
CUST1422,52.0,Female,North,Secondary,Unemployed,2220321.0,788673,Education,575.0,1,43,26.85,2016-09-15,0
CUST1423,50.0,Female,West,Primary,Self-Employed,1664645.0,546394,Other,534.0,0,115,59.94,2021-11-24,0
CUST1424,69.0,Female,North,Post-Graduate,,960432.0,594790,Home,814.0,2,17,15.81,2017-07-28,1
CUST1425,38.0,Female,West,Secondary,Salaried,2473365.0,1339752,Business,472.0,2,20,76.94,2024-04-26,1
CUST1426,49.0,Male,North,Graduate,Unemployed,1644371.0,874124,Home,331.0,1,48,23.96,2019-10-13,0
CUST1427,40.0,Female,East,Post-Graduate,Salaried,922672.0,1441910,Education,738.0,1,75,15.67,2020-12-11,0
CUST1428,50.0,Male,East,Primary,Salaried,644174.0,1187297,Car,767.0,3,116,42.02,2019-05-07,0
CUST1429,20.0,Other,North,Post-Graduate,Salaried,2298787.0,1175640,Business,619.0,0,31,56.15,2022-10-10,0
CUST1430,35.0,Female,North,Secondary,,690724.0,462859,Home,739.0,1,49,78.39,2020-02-10,0
CUST1431,42.0,Male,East,Graduate,Unemployed,890927.0,175693,Home,768.0,0,39,87.94,2018-05-08,0
CUST1432,59.0,Female,West,Graduate,Unemployed,2425156.0,1074385,Home,511.0,1,83,45.16,2024-02-13,0
CUST1433,48.0,Female,East,Post-Graduate,Unemployed,1493967.0,516626,Car,499.0,0,32,14.84,2024-09-26,0
CUST1434,,Male,West,Primary,Salaried,9719754.0,734824,Home,465.0,1,103,69.93,2020-05-15,0
CUST1435,20.0,Female,North,Secondary,Salaried,677578.0,619872,Other,554.0,2,11,55.21,2020-04-10,0
CUST1436,57.0,Female,North,Graduate,Salaried,2175104.0,1014588,Other,391.0,2,66,45.83,2023-04-28,0
CUST1437,63.0,Male,West,Graduate,Salaried,82795.0,1210859,Home,769.0,0,118,34.74,2022-11-27,0
CUST1438,41.0,Female,North,Graduate,Salaried,1083510.0,480400,Other,664.0,2,114,50.19,2023-02-12,0
CUST1439,67.0,Male,West,Primary,Salaried,2153946.0,423445,Business,343.0,3,118,37.09,2022-07-19,0
CUST1440,49.0,Female,South,Secondary,Salaried,,1363824,Other,534.0,0,55,70.56,2023-04-29,0
CUST1441,64.0,Other,East,Secondary,Salaried,11539348.0,1448368,Home,716.0,1,50,53.51,2021-12-23,1
CUST1442,39.0,Female,South,Graduate,Salaried,546589.0,283608,Education,548.0,4,24,80.15,2016-10-03,0
CUST1443,40.0,Male,West,Secondary,Salaried,1013015.0,593739,Business,311.0,1,100,53.48,2021-07-05,1
CUST1444,19.0,Female,East,Secondary,,,415007,Car,716.0,3,42,29.06,2021-09-09,0
CUST1445,44.0,Female,West,Post-Graduate,Self-Employed,2284193.0,683817,Home,444.0,2,65,78.09,2016-09-03,0
CUST1446,59.0,Male,East,Primary,,1529589.0,1144217,Car,719.0,2,108,54.58,2017-02-14,0
CUST1447,19.0,Female,East,Post-Graduate,Salaried,,1270388,Education,825.0,2,36,26.55,2021-09-05,0
CUST1448,43.0,Male,East,Graduate,Salaried,1376573.0,449503,Car,516.0,1,30,59.88,2016-03-13,0
CUST1449,34.0,Female,East,Graduate,Self-Employed,390435.0,1443119,Home,719.0,0,62,38.62,2019-01-25,0
CUST1450,57.0,Male,West,Secondary,Salaried,718273.0,876822,Home,520.0,1,43,77.55,2017-11-03,0
CUST1451,50.0,Male,East,Primary,Salaried,2372151.0,1392944,Education,453.0,4,24,46.26,2019-10-01,1
CUST1452,26.0,Male,East,Graduate,Salaried,750990.0,1339752,Home,689.0,1,86,68.12,2022-11-28,0
CUST1453,60.0,Female,South,Graduate,Salaried,1157209.0,70736,Education,300.0,2,54,17.64,2019-08-16,0
CUST1454,,Male,North,Graduate,Salaried,924156.0,381060,Education,606.0,1,83,41.68,2016-10-13,0
CUST1455,65.0,Female,North,Primary,Salaried,2254758.0,119402,Home,758.0,2,56,88.66,2021-03-23,0
CUST1456,56.0,Male,South,Graduate,Self-Employed,182780.0,990252,Other,572.0,2,90,74.68,2016-07-30,0
CUST1457,46.0,Male,South,Graduate,Salaried,312117.0,311504,Education,565.0,0,119,22.8,2024-08-13,0
CUST1458,59.0,Female,West,Graduate,Salaried,,742165,Home,839.0,1,26,32.22,2017-02-04,0
CUST1459,,Female,West,Graduate,Unemployed,205849.0,1328071,Other,756.0,0,57,36.39,2017-10-16,0
CUST1460,43.0,Male,West,Graduate,Salaried,524844.0,555825,Education,667.0,4,89,62.03,2024-07-02,0
CUST1461,52.0,Female,South,Graduate,Salaried,1462296.0,196562,Other,837.0,0,70,70.56,2017-05-12,0
CUST1462,67.0,Female,South,Primary,Unemployed,198542.0,748730,Business,323.0,1,108,69.96,2023-12-05,1
CUST1463,42.0,Female,East,Secondary,Salaried,814172.0,1459958,Business,400.0,1,47,50.79,2019-09-13,1
CUST1464,41.0,Male,West,Primary,Salaried,86464.0,1498548,Other,585.0,0,86,74.87,2016-04-07,1
CUST1465,30.0,Male,West,Secondary,Salaried,1600871.0,1306020,Education,832.0,1,27,44.97,2022-08-10,0
CUST1466,24.0,Female,West,Secondary,Salaried,1461710.0,1478586,Home,472.0,0,81,19.91,2017-04-07,0
CUST1467,,Male,North,Primary,Self-Employed,1572175.0,1330418,Car,839.0,1,68,55.16,2021-09-06,0
CUST1468,53.0,Female,East,Secondary,Unemployed,1095691.0,1197213,Home,341.0,0,109,86.18,2023-07-23,0
CUST1469,62.0,Female,West,Primary,Salaried,758066.0,1146136,Car,652.0,1,13,73.44,2016-09-29,0
CUST1470,37.0,Female,West,Graduate,Self-Employed,2167024.0,667684,Car,839.0,1,117,56.3,2023-11-13,1
CUST1471,18.0,Female,West,Post-Graduate,Salaried,1782417.0,73162,Education,617.0,1,11,61.74,2019-02-24,0
CUST1472,25.0,Other,North,Primary,Salaried,1013015.0,1284179,Other,566.0,1,45,84.44,2022-02-27,0
CUST1473,63.0,Male,North,Post-Graduate,Self-Employed,1396303.0,1309898,Home,376.0,3,58,44.27,2022-11-02,0
CUST1474,33.0,Female,South,Graduate,Salaried,329737.0,1448368,Other,635.0,0,69,36.51,2019-01-16,0
CUST1475,31.0,Male,East,Secondary,Salaried,479017.0,1440060,Business,400.0,1,6,88.18,2016-01-19,0
CUST1476,29.0,Male,South,Primary,Salaried,1490808.0,626649,Education,496.0,3,8,79.08,2020-06-04,0
CUST1477,68.0,Female,East,Graduate,Salaried,2445766.0,1107057,Education,347.0,3,82,35.84,2024-09-13,0
CUST1478,40.0,Female,North,Graduate,Salaried,890927.0,1154415,Business,436.0,0,36,47.1,2020-01-21,0
CUST1479,32.0,Other,West,Graduate,Unemployed,1238343.0,619872,Home,780.0,1,104,43.21,2022-06-16,0
CUST1480,45.0,Female,South,Primary,Salaried,1299925.0,390400,Business,759.0,2,6,21.93,2017-02-15,0
CUST1481,51.0,Male,West,Primary,Salaried,2408033.0,498298,Home,716.0,1,108,86.63,2018-01-11,1
CUST1482,19.0,Male,South,Secondary,Salaried,345039.0,1296488,Car,828.0,0,118,42.34,2023-04-25,0
CUST1483,49.0,Female,North,Secondary,Self-Employed,2218657.0,965210,Education,702.0,0,119,80.03,2023-08-11,0
CUST1484,40.0,Male,North,Secondary,Self-Employed,1058935.0,488521,Home,807.0,1,68,25.15,2023-05-06,1
CUST1485,39.0,Male,North,Secondary,Self-Employed,952143.0,436491,Other,548.0,0,18,53.83,2022-12-20,0
CUST1486,68.0,Male,South,Graduate,Self-Employed,401898.0,1077635,Other,716.0,1,24,11.92,2022-04-10,0
CUST1487,42.0,Male,East,Post-Graduate,Unemployed,1684050.0,184591,Education,360.0,1,93,71.14,2023-06-30,0
CUST1488,39.0,Male,South,Secondary,Salaried,1332390.0,876334,Business,846.0,0,110,56.47,2023-03-09,0
CUST1489,39.0,Male,East,Post-Graduate,Salaried,10177656.0,1234740,Business,658.0,0,53,60.05,2019-11-04,0
CUST1490,66.0,Male,South,Secondary,Unemployed,1299309.0,358634,Home,424.0,1,12,14.14,2017-05-29,0
CUST1491,69.0,Male,South,Secondary,,869148.0,3167900,Business,486.0,3,96,26.88,2016-07-25,0
CUST1492,59.0,Other,North,Secondary,Unemployed,181894.0,535329,Education,318.0,0,67,15.95,2018-08-05,0
CUST1493,23.0,Male,West,Graduate,Salaried,345039.0,1375528,Home,465.0,4,50,33.11,2022-09-07,1
CUST1494,32.0,Male,West,Post-Graduate,Salaried,655425.0,878964,Car,356.0,0,25,60.2,2024-06-19,0
CUST1495,,Female,East,Graduate,Salaried,1643825.0,712171,Business,501.0,0,91,55.29,2021-01-02,0
CUST1496,60.0,Male,West,Secondary,Self-Employed,1643825.0,1320906,Business,661.0,0,36,58.97,2023-07-28,0
CUST1497,54.0,Female,South,Graduate,Salaried,1139926.0,999246,Home,842.0,1,12,53.94,2021-06-21,0
CUST1498,50.0,Female,South,Primary,Salaried,1341368.0,1416123,Other,821.0,2,99,31.84,2022-02-27,1
CUST1499,25.0,Male,North,Post-Graduate,Unemployed,750990.0,1080044,Business,701.0,2,105,29.56,2021-12-07,1
CUST1500,,Male,North,Graduate,Salaried,490226.0,1297633,Education,421.0,0,20,20.96,2020-07-30,0
CUST1501,61.0,Female,West,Secondary,Unemployed,869148.0,869934,Business,593.0,1,44,77.93,2021-01-04,1
CUST1502,61.0,Female,East,Graduate,Salaried,230653.0,125119,Car,314.0,0,110,59.32,2022-09-02,0
CUST1503,22.0,Male,West,Graduate,Salaried,621529.0,900793,Business,827.0,1,31,24.92,2020-04-09,1
CUST1504,56.0,Female,West,Primary,Salaried,,2521397,Other,832.0,1,108,24.18,2021-01-21,0
CUST1505,21.0,Male,West,Graduate,Self-Employed,1296053.0,1308639,Business,376.0,2,109,79.84,2022-03-31,0
CUST1506,23.0,Other,West,Secondary,Salaried,890927.0,1202808,Home,696.0,0,22,69.42,2020-07-14,0
CUST1507,62.0,Male,South,Graduate,Salaried,1317903.0,219937,Business,419.0,0,39,62.75,2017-08-24,0
CUST1508,49.0,Female,East,Graduate,,922672.0,198600,Other,747.0,1,117,42.55,2019-09-05,0
CUST1509,69.0,Female,South,Graduate,Salaried,704987.0,1488835,Home,437.0,2,56,30.96,2017-12-12,1
CUST1510,47.0,Female,East,Graduate,Self-Employed,935126.0,1116666,Education,824.0,2,19,88.36,2018-09-08,1
CUST1511,64.0,Female,North,Graduate,Self-Employed,189779.0,667684,Home,666.0,1,67,73.78,2019-04-18,0
CUST1512,52.0,Male,West,Primary,Salaried,988063.0,77779,Car,819.0,2,57,34.14,2023-12-14,0
CUST1513,,Male,South,Graduate,Self-Employed,336812.0,125119,Home,325.0,1,95,77.81,2019-10-23,1
CUST1514,57.0,Male,East,Secondary,Salaried,834085.0,801143,Education,394.0,0,85,70.71,2021-10-24,0
CUST1515,69.0,Male,North,Secondary,Self-Employed,129768.0,935721,Business,809.0,2,108,33.77,2023-05-20,0
CUST1516,33.0,Female,North,Secondary,Salaried,1481156.0,187255,Home,450.0,1,70,44.12,2023-05-21,0
CUST1517,30.0,Male,West,Primary,Self-Employed,2087878.0,266545,Home,827.0,3,117,24.88,2022-12-18,0
CUST1518,67.0,Male,East,Graduate,Salaried,2389608.0,454190,Home,,1,118,18.88,2024-12-16,0
CUST1519,59.0,Other,South,Primary,Self-Employed,1331661.0,708710,Home,361.0,1,35,67.82,2018-04-09,0
CUST1520,47.0,Female,West,Graduate,Salaried,1409785.0,274942,Education,747.0,2,65,31.4,2022-12-05,0
CUST1521,36.0,Female,South,Secondary,Salaried,223704.0,1437757,Other,556.0,0,68,75.6,2024-07-28,0
CUST1522,34.0,Other,North,Primary,Salaried,1447064.0,225991,Other,358.0,0,105,89.65,2024-04-26,1
CUST1523,,Male,South,Graduate,Salaried,1818614.0,254793,Home,957.0,2,109,16.13,2023-04-20,0
CUST1524,36.0,Male,South,Primary,Unemployed,619767.0,1225268,Education,658.0,2,109,47.84,2017-07-03,0
CUST1525,45.0,Female,West,Secondary,Salaried,1138213.0,269647,Education,388.0,3,102,74.17,2017-10-07,0
CUST1526,,Female,South,Graduate,Unemployed,2137797.0,558168,Home,683.0,0,38,73.12,2019-05-29,0
CUST1527,43.0,Male,West,Primary,,506888.0,1492597,Car,672.0,1,119,70.8,2022-12-24,0
CUST1528,54.0,Female,North,Graduate,Self-Employed,1049752.0,1056281,Home,796.0,0,59,37.92,2024-10-09,0
CUST1529,43.0,Male,West,Primary,Salaried,2460612.0,730146,Car,303.0,1,63,46.31,2018-04-25,0
CUST1530,,Male,West,Secondary,Salaried,765493.0,571797,Home,534.0,1,7,57.6,2021-10-01,0
CUST1531,40.0,Female,East,Graduate,Self-Employed,1868243.0,1099634,Car,623.0,4,21,87.92,2017-03-25,0
CUST1532,26.0,Female,South,Secondary,Salaried,2226741.0,523027,Car,386.0,2,82,36.2,2021-10-10,0
CUST1533,29.0,Female,North,Primary,Salaried,1128966.0,1310101,Home,340.0,0,82,83.85,2024-06-21,0
CUST1534,,Male,West,Secondary,Self-Employed,86464.0,80248,Car,382.0,0,50,31.55,2016-02-13,0
CUST1535,18.0,Female,North,Secondary,Unemployed,1888566.0,567691,Business,739.0,0,42,89.13,2023-11-07,1
CUST1536,18.0,Male,East,Graduate,Self-Employed,1098725.0,316453,Other,386.0,0,39,63.62,2020-04-30,0
CUST1537,64.0,Male,South,Secondary,Salaried,1425801.0,1285973,Education,507.0,0,5,47.08,2017-10-20,0
CUST1538,51.0,Female,West,Graduate,Self-Employed,839495.0,1053300,Car,836.0,0,116,59.07,2017-12-28,0
CUST1539,49.0,Female,South,Post-Graduate,Salaried,1926780.0,785737,Car,607.0,0,33,31.8,2023-12-09,1
CUST1540,,Female,East,Secondary,Salaried,97118.0,1410679,Education,667.0,1,8,31.93,2021-09-25,0
CUST1541,65.0,Female,East,Post-Graduate,Unemployed,2071336.0,458910,Car,748.0,1,65,19.08,2023-11-07,0
CUST1542,42.0,Female,North,Secondary,Salaried,1480465.0,588086,Education,369.0,4,101,19.12,2018-11-13,0
CUST1543,57.0,Female,West,Post-Graduate,Salaried,2419189.0,1278641,Home,683.0,4,21,37.81,2020-08-07,0
CUST1544,62.0,Male,North,Primary,Salaried,685751.0,54363,Business,799.0,1,32,71.03,2021-11-06,0
CUST1545,,Male,East,Graduate,Unemployed,812722.0,540874,Business,565.0,1,54,58.64,2019-04-12,0
CUST1546,18.0,Male,South,Secondary,Self-Employed,1551816.0,153199,Other,748.0,1,94,18.21,2019-02-16,0
CUST1547,33.0,Male,North,Secondary,Self-Employed,1578710.0,694164,Car,323.0,0,12,78.18,2023-08-14,1
CUST1548,56.0,Female,North,Graduate,Self-Employed,2126719.0,190185,Other,500.0,2,38,58.11,2020-08-18,0
CUST1549,22.0,Female,South,Graduate,Salaried,2464512.0,1154874,Home,707.0,0,63,86.87,2022-02-03,0
CUST1550,39.0,Male,North,Primary,Salaried,1539096.0,1233183,Business,563.0,0,22,63.61,2024-05-24,0
CUST1551,46.0,Male,South,Secondary,Salaried,688986.0,330314,Home,687.0,3,99,24.01,2021-01-29,0
CUST1552,,Female,West,Graduate,Salaried,1097375.0,686884,Home,790.0,2,63,47.9,2021-05-01,0
CUST1553,20.0,Male,South,Graduate,Salaried,805571.0,1187297,Car,824.0,1,31,61.88,2019-09-27,1
CUST1554,29.0,Female,West,Post-Graduate,Unemployed,487014.0,182324,Home,686.0,2,20,12.26,2024-07-27,0
CUST1555,43.0,Female,South,Graduate,Salaried,1249070.0,184591,Business,789.0,0,14,11.19,2024-01-27,0
CUST1556,33.0,Female,East,Post-Graduate,Salaried,1353989.0,1441910,Other,816.0,0,108,20.35,2017-03-13,0
CUST1557,68.0,Female,East,Graduate,Salaried,758066.0,290102,Business,763.0,1,80,30.13,2019-12-22,1
CUST1558,54.0,Female,West,Secondary,Salaried,1675368.0,5625279,Car,630.0,0,26,44.36,2017-03-01,0
CUST1559,39.0,Male,West,Primary,Unemployed,684111.0,1155054,Business,590.0,3,20,49.0,2018-08-25,0
CUST1560,,Female,East,Graduate,Salaried,1943907.0,1155837,Education,809.0,4,16,21.04,2019-11-05,0
CUST1561,46.0,Female,West,Graduate,Salaried,181894.0,418742,Other,592.0,1,79,63.87,2017-04-30,0
CUST1562,31.0,Male,South,Primary,Self-Employed,1651480.0,1180065,Education,821.0,0,88,57.69,2020-10-21,0
CUST1563,45.0,Female,South,Secondary,Salaried,966388.0,752496,Education,781.0,1,55,33.56,2024-11-30,1
CUST1564,22.0,Female,East,Post-Graduate,Salaried,805571.0,1003215,Car,369.0,3,5,11.09,2022-11-12,0
CUST1565,64.0,Female,North,Graduate,Salaried,1220449.0,1174634,Home,354.0,1,31,16.21,2024-02-16,0
CUST1566,66.0,Female,South,Secondary,Self-Employed,1851503.0,968193,Education,819.0,2,71,41.34,2024-09-08,0
CUST1567,47.0,Female,West,Secondary,,524718.0,618033,Business,591.0,1,16,22.32,2020-04-28,0
CUST1568,63.0,Female,North,Secondary,Self-Employed,84011.0,509702,Home,575.0,0,34,40.15,2024-06-13,0
CUST1569,69.0,Female,North,Secondary,Salaried,197769.0,557340,Business,354.0,0,13,60.25,2023-08-27,0
CUST1570,22.0,Female,South,Secondary,Unemployed,1498767.0,1065865,Business,773.0,2,57,53.78,2021-03-11,0
CUST1571,29.0,Female,South,Primary,Salaried,,1182702,Home,779.0,1,65,28.49,2016-02-20,1
CUST1572,33.0,Female,North,Graduate,Salaried,769995.0,722289,Home,577.0,1,58,37.51,2022-06-14,0
CUST1573,43.0,Female,North,Secondary,Salaried,529764.0,902089,Business,742.0,0,41,59.12,2018-11-23,0
CUST1574,43.0,Male,East,Graduate,Salaried,1013044.0,900793,Car,376.0,3,69,78.87,2020-07-17,0
CUST1575,65.0,Female,West,Post-Graduate,Salaried,11539348.0,184591,Other,563.0,1,46,70.26,2024-05-10,0
CUST1576,38.0,Female,East,Secondary,Self-Employed,664718.0,1111516,Other,532.0,0,53,54.27,2020-05-31,0
CUST1577,56.0,Male,South,Graduate,Unemployed,1953204.0,281666,Car,427.0,1,8,38.98,2021-04-11,0
CUST1578,53.0,Female,East,Secondary,Salaried,688986.0,1489185,Home,475.0,0,68,39.2,2023-05-06,0
CUST1579,50.0,Male,East,Post-Graduate,Salaried,5195344.0,1159775,Business,669.0,0,83,80.35,2016-07-23,1
CUST1580,47.0,Male,East,Secondary,Salaried,223704.0,302168,Other,491.0,0,55,13.14,2023-08-19,0
CUST1581,54.0,Female,East,Graduate,Salaried,330231.0,1392944,Business,470.0,2,95,89.04,2018-12-29,0
CUST1582,40.0,Male,West,Graduate,Self-Employed,551761.0,219921,Car,384.0,0,76,63.15,2017-06-16,1
CUST1583,27.0,Female,West,Secondary,Salaried,1881951.0,1386556,Business,376.0,0,64,64.49,2021-11-25,1
CUST1584,,Female,North,Primary,Unemployed,1184315.0,690246,Car,801.0,1,91,13.04,2024-01-02,1
CUST1585,22.0,Female,South,Graduate,Salaried,756337.0,874326,Home,363.0,1,83,58.44,2019-06-18,0
CUST1586,53.0,Male,East,Graduate,Salaried,1449971.0,1492333,Car,394.0,0,95,48.78,2016-09-07,0
CUST1587,51.0,Male,North,Secondary,Salaried,586554.0,111171,Car,658.0,2,35,18.46,2016-05-14,0
CUST1588,69.0,Female,North,Graduate,Salaried,1200803.0,1309984,Other,445.0,3,107,32.23,2024-08-27,0
CUST1589,48.0,Other,North,Secondary,Salaried,1128966.0,1333369,Business,658.0,2,115,81.23,2020-06-02,0
CUST1590,27.0,Female,West,Graduate,Self-Employed,2464512.0,770686,Other,380.0,1,76,54.0,2023-06-29,1
CUST1591,36.0,Male,East,Secondary,Salaried,11156406.0,394446,Education,456.0,0,98,43.07,2017-02-10,0
CUST1592,49.0,Female,East,Post-Graduate,Self-Employed,1607222.0,490522,Car,930.0,0,62,15.81,2016-04-11,1
CUST1593,18.0,Female,South,Secondary,Salaried,2210454.0,696110,Education,728.0,0,110,67.13,2019-10-16,0
CUST1594,,Female,East,Secondary,Salaried,1905706.0,966066,Other,961.0,2,86,66.23,2023-07-03,0
CUST1595,22.0,Male,East,Primary,Salaried,890927.0,878152,Business,623.0,0,8,59.12,2020-03-31,0
CUST1596,62.0,Female,North,Primary,Unemployed,1959314.0,3713043,Other,504.0,2,115,50.82,2020-06-19,0
CUST1597,21.0,Female,South,Graduate,Salaried,581691.0,473855,Business,525.0,3,111,44.7,2019-08-09,1
CUST1598,33.0,Other,East,Secondary,Self-Employed,1280475.0,46535,Business,386.0,2,26,57.46,2024-10-22,0
CUST1599,41.0,Male,West,Graduate,Salaried,559809.0,264433,Home,441.0,0,7,28.67,2017-02-07,0
CUST1600,33.0,Female,East,Primary,Self-Employed,1817075.0,874124,Car,328.0,0,83,85.3,2018-03-24,0
CUST1601,,Female,North,Secondary,Salaried,704987.0,530827,Other,722.0,0,103,57.1,2024-05-31,0
CUST1602,19.0,Male,West,Secondary,Self-Employed,2425156.0,589119,Business,363.0,2,51,34.9,2024-09-25,1
CUST1603,66.0,Female,North,Primary,Self-Employed,187792.0,289418,Other,426.0,0,42,45.97,2023-12-12,0
CUST1604,45.0,Female,East,Primary,Unemployed,1633744.0,121656,Other,340.0,3,37,74.45,2020-06-17,0
CUST1605,49.0,Male,West,Secondary,Salaried,2168097.0,1160070,Business,376.0,1,82,22.93,2024-12-06,1
CUST1606,44.0,Male,South,Secondary,Salaried,274152.0,79476,Education,742.0,1,52,33.43,2018-10-23,0
CUST1607,37.0,Female,South,Secondary,Salaried,467773.0,91192,Car,494.0,1,69,64.36,2024-03-08,0
CUST1608,41.0,Male,West,Graduate,Unemployed,2117312.0,1127978,Car,664.0,1,117,35.24,2018-10-17,0
CUST1609,29.0,Female,West,Graduate,Salaried,2044724.0,262911,Home,734.0,1,30,73.4,2022-02-02,0
CUST1610,67.0,Male,North,Primary,Self-Employed,1798562.0,896164,Home,421.0,1,12,20.44,2019-07-04,1
CUST1611,52.0,Female,West,Secondary,Salaried,530985.0,1168452,Home,710.0,0,54,71.01,2023-12-30,1
CUST1612,50.0,Male,North,Post-Graduate,Salaried,839495.0,1441188,Car,686.0,0,84,15.47,2022-11-29,0
CUST1613,50.0,Female,East,Graduate,Salaried,2387600.0,1191729,Education,977.0,2,42,11.01,2022-09-11,0
CUST1614,68.0,Other,North,Graduate,,1320952.0,853271,Car,744.0,2,14,81.86,2020-02-28,1
CUST1615,60.0,Other,West,Secondary,Self-Employed,1047241.0,254793,Car,737.0,1,46,56.51,2016-08-07,0
CUST1616,54.0,Female,West,Graduate,Unemployed,756337.0,1159250,Car,335.0,2,41,38.15,2021-06-27,0
CUST1617,29.0,Male,East,Graduate,Salaried,2473455.0,259016,Car,774.0,1,30,28.61,2016-06-21,0
CUST1618,20.0,Female,West,Graduate,Self-Employed,605754.0,791062,Education,570.0,0,96,59.35,2023-08-15,0
CUST1619,18.0,Male,West,Post-Graduate,Self-Employed,1033197.0,1327391,Home,331.0,1,16,50.72,2019-11-14,0
CUST1620,50.0,Male,South,Primary,Salaried,172172.0,1077738,Other,465.0,0,88,89.33,2017-05-16,1
CUST1621,57.0,Male,South,Primary,Unemployed,1644371.0,390400,Home,782.0,1,53,88.66,2020-12-17,0
CUST1622,27.0,Female,East,Graduate,Unemployed,1758083.0,788849,Home,360.0,3,18,60.8,2023-09-09,0
CUST1623,60.0,Female,North,Graduate,Unemployed,1996541.0,1065865,Other,751.0,0,50,45.43,2021-12-18,0
CUST1624,61.0,Female,South,Primary,Self-Employed,477172.0,1330418,Car,754.0,1,39,49.29,2024-09-19,0
CUST1625,46.0,Male,North,Secondary,Salaried,1938768.0,768925,Education,323.0,1,33,64.6,2018-03-08,0
CUST1626,30.0,Male,West,Primary,Salaried,486547.0,1434509,Education,793.0,0,16,18.13,2023-10-17,0
CUST1627,29.0,Other,South,Secondary,,751986.0,1454150,Home,438.0,0,86,36.27,2018-07-18,0
CUST1628,48.0,Male,East,Graduate,Salaried,462811.0,270056,Other,638.0,1,48,16.02,2017-12-23,0
CUST1629,63.0,Male,East,Graduate,Self-Employed,684453.0,4471146,Business,757.0,0,70,15.87,2024-06-18,0
CUST1630,19.0,Male,East,Secondary,Self-Employed,7076263.0,892839,Car,323.0,2,6,25.67,2022-03-12,0
CUST1631,68.0,Female,South,Secondary,Self-Employed,685751.0,721150,Home,553.0,0,63,48.82,2019-08-26,0
CUST1632,67.0,Female,North,Primary,,2479771.0,660698,Education,464.0,3,21,72.78,2019-06-28,1
CUST1633,52.0,Male,West,Secondary,Salaried,1013044.0,296186,Other,526.0,1,14,48.84,2017-05-02,1
CUST1634,40.0,Male,North,Graduate,Salaried,1493967.0,1046354,Other,363.0,0,22,36.84,2021-05-11,0
CUST1635,34.0,Female,North,Post-Graduate,Salaried,1758083.0,788849,Home,453.0,3,26,16.59,2019-05-02,0
CUST1636,43.0,Female,West,Graduate,Salaried,1789910.0,1285959,Business,767.0,0,87,54.02,2020-01-04,0
CUST1637,25.0,Male,West,Primary,Salaried,1326735.0,211413,Education,,3,62,31.7,2016-11-08,1
CUST1638,46.0,Female,South,Post-Graduate,Salaried,416430.0,1249033,Home,475.0,0,57,59.19,2016-03-19,0
CUST1639,43.0,Male,South,Graduate,Unemployed,1455786.0,62930,Business,707.0,1,5,88.18,2022-02-05,0
CUST1640,27.0,Male,South,Graduate,Unemployed,,509498,Other,796.0,3,92,18.91,2024-05-09,1
CUST1641,43.0,Female,South,Secondary,Salaried,1604631.0,1186300,Car,534.0,1,65,26.97,2017-11-05,1
CUST1642,51.0,Male,South,Secondary,Salaried,1624247.0,219921,Education,744.0,1,104,47.85,2020-10-03,0
CUST1643,68.0,Female,West,Secondary,Unemployed,1662701.0,1477216,Education,522.0,1,93,87.49,2016-01-14,0
CUST1644,58.0,Male,North,Primary,Salaried,2095074.0,1190689,Business,320.0,1,104,71.74,2023-12-16,0
CUST1645,24.0,Male,South,Secondary,Salaried,508556.0,1433864,Home,751.0,0,35,81.86,2022-04-12,0
CUST1646,21.0,Other,South,Secondary,Salaried,1732131.0,292739,Other,744.0,1,35,36.7,2021-08-07,0
CUST1647,,Male,North,Secondary,Self-Employed,1046325.0,99093,Business,824.0,2,70,89.36,2018-11-03,0
CUST1648,67.0,Female,South,Graduate,Salaried,664718.0,1282930,Car,453.0,1,23,18.23,2021-11-16,0
CUST1649,62.0,Male,North,Secondary,,8313696.0,290710,Car,774.0,0,57,14.24,2016-02-02,0
CUST1650,28.0,Male,North,Primary,Salaried,2455100.0,261807,Car,496.0,2,80,78.45,2019-12-30,0
CUST1651,46.0,Male,West,Post-Graduate,Salaried,1683344.0,1029291,Business,719.0,1,78,84.18,2016-09-13,0
CUST1652,,Female,East,Post-Graduate,Salaried,1443133.0,657290,Other,434.0,1,99,17.25,2016-02-03,0
CUST1653,53.0,Male,West,Graduate,Salaried,338360.0,695727,Education,799.0,3,113,19.07,2021-08-28,1
CUST1654,42.0,Female,East,Post-Graduate,Self-Employed,791423.0,1435419,Home,421.0,1,26,12.65,2019-07-07,1
CUST1655,38.0,Male,East,Graduate,Self-Employed,903857.0,1094367,Education,667.0,1,27,18.36,2023-03-21,0
CUST1656,,Other,East,Post-Graduate,Self-Employed,1662701.0,5001179,Other,557.0,1,91,26.75,2021-01-23,0
CUST1657,53.0,Male,South,Primary,Self-Employed,490226.0,1491433,Education,643.0,1,19,87.61,2021-12-24,0
CUST1658,27.0,Female,West,Secondary,Unemployed,2260275.0,1012716,Business,938.0,1,30,63.43,2016-12-24,0
CUST1659,54.0,Female,East,Secondary,Unemployed,982153.0,1433626,Car,371.0,2,7,72.28,2018-01-23,1
CUST1660,26.0,Female,North,Secondary,Self-Employed,2198075.0,354036,Other,404.0,1,91,72.09,2020-05-21,0
CUST1661,41.0,Female,South,Primary,Salaried,1815594.0,347455,Other,919.0,1,24,52.81,2024-09-22,0
CUST1662,52.0,Female,West,Graduate,Salaried,11642071.0,589119,Education,469.0,2,113,73.8,2017-02-07,0
CUST1663,66.0,Female,East,Graduate,Salaried,1584558.0,1281717,Business,559.0,0,44,57.66,2019-05-10,0
CUST1664,52.0,Male,North,Graduate,Self-Employed,1537867.0,824042,Education,470.0,0,43,35.16,2019-10-31,0
CUST1665,65.0,Male,West,Primary,Salaried,1953204.0,445976,Education,490.0,1,76,54.89,2022-04-16,0
CUST1666,53.0,Female,West,Graduate,Salaried,1720307.0,502312,Other,756.0,1,22,52.68,2022-10-29,0
CUST1667,35.0,Female,South,Graduate,Unemployed,2272942.0,4126238,Education,810.0,1,45,75.88,2024-03-20,0
CUST1668,66.0,Female,West,Secondary,Unemployed,1770992.0,1306020,Car,694.0,1,74,88.54,2016-10-04,1
CUST1669,56.0,Female,South,Graduate,Unemployed,1471579.0,449503,Education,355.0,3,31,42.88,2016-04-21,0
CUST1670,49.0,Male,East,Secondary,Salaried,423150.0,1328071,Car,811.0,0,104,71.07,2021-06-09,0
CUST1671,41.0,Male,South,Secondary,Self-Employed,694101.0,348774,Other,756.0,3,19,17.98,2023-08-25,0
CUST1672,40.0,Female,North,Post-Graduate,Salaried,2178053.0,923164,Business,923.0,1,41,72.15,2023-06-28,0
CUST1673,49.0,Male,South,Secondary,Salaried,2494488.0,1116666,Car,769.0,2,62,39.71,2017-01-26,0
CUST1674,54.0,Male,North,Secondary,Salaried,1563702.0,1272222,Business,635.0,1,9,13.15,2018-08-26,0
CUST1675,29.0,Female,South,Post-Graduate,Salaried,2425156.0,1150831,Business,355.0,1,107,39.06,2021-12-30,0
CUST1676,66.0,Male,West,Graduate,Salaried,1351209.0,268178,Car,517.0,1,77,58.85,2018-11-21,0
CUST1677,,Female,East,Primary,Unemployed,888524.0,844299,Other,411.0,2,11,19.54,2022-02-06,0
CUST1678,30.0,Male,North,Primary,Salaried,414248.0,1270756,Home,746.0,0,45,83.92,2023-03-11,0
CUST1679,40.0,Female,South,Primary,Self-Employed,1420144.0,1285973,Business,566.0,1,88,16.21,2023-10-16,0
CUST1680,42.0,Male,South,Graduate,Salaried,84011.0,751615,Business,765.0,1,14,84.4,2016-09-25,0
CUST1681,52.0,Male,South,Secondary,Salaried,673805.0,670816,Other,338.0,1,66,66.57,2023-02-13,0
CUST1682,58.0,Male,West,Primary,Salaried,1486065.0,1008534,Other,798.0,0,30,36.38,2023-05-04,0
CUST1683,47.0,Male,West,Post-Graduate,Salaried,2298787.0,486104,Education,419.0,0,72,41.26,2021-07-22,0
CUST1684,34.0,Male,North,Graduate,Self-Employed,2156259.0,919694,Other,773.0,1,106,69.26,2016-10-01,0
CUST1685,66.0,Male,North,Secondary,Salaried,1915515.0,407224,Business,592.0,3,28,58.12,2018-01-12,1
CUST1686,37.0,Female,West,Graduate,Salaried,190957.0,1412463,Car,849.0,0,82,63.73,2016-03-26,0
CUST1687,65.0,Male,North,Graduate,Salaried,1037726.0,619872,Home,574.0,1,45,41.13,2024-07-31,0
CUST1688,42.0,Female,East,Primary,Salaried,1280475.0,292739,Education,404.0,1,69,49.03,2017-02-07,0
CUST1689,39.0,Female,East,Secondary,Unemployed,2372151.0,95614,Car,784.0,1,21,89.19,2022-02-17,0
CUST1690,30.0,Female,West,Graduate,Salaried,2175104.0,122115,Home,336.0,1,113,27.11,2021-08-07,0
CUST1691,36.0,Male,North,Secondary,Self-Employed,1123361.0,125335,Home,957.0,1,28,43.43,2018-11-20,0
CUST1692,66.0,Female,South,Graduate,Self-Employed,740197.0,865165,Home,,2,31,33.35,2021-11-24,0
CUST1693,53.0,Male,East,Secondary,Unemployed,846868.0,1433864,Car,579.0,2,11,71.21,2021-03-09,0
CUST1694,29.0,Male,West,Primary,Unemployed,8801436.0,672742,Education,354.0,1,77,71.12,2023-04-23,0
CUST1695,58.0,Other,North,Secondary,Self-Employed,234226.0,1437757,Education,708.0,1,111,33.4,2016-10-02,0
CUST1696,36.0,Male,West,Secondary,Self-Employed,1240038.0,1187297,Home,,2,103,16.51,2017-10-12,0
CUST1697,29.0,Female,South,Secondary,Unemployed,1286126.0,987671,Car,756.0,1,16,10.91,2020-06-09,0
CUST1698,26.0,Female,East,Primary,Salaried,2479940.0,578912,Home,737.0,0,89,44.2,2023-02-16,0
CUST1699,24.0,Female,West,Graduate,Salaried,2348108.0,535329,Other,479.0,5,7,42.83,2019-01-10,0
CUST1700,45.0,Female,West,Post-Graduate,Salaried,1805089.0,641868,Education,376.0,2,83,89.07,2024-08-01,0
CUST1701,31.0,Male,West,Graduate,Unemployed,827948.0,1314427,Business,570.0,2,89,47.58,2021-03-28,0
CUST1702,48.0,Male,South,Post-Graduate,Unemployed,2475682.0,1490865,Home,689.0,2,14,30.51,2023-02-27,0
CUST1703,69.0,Female,West,Secondary,Salaried,2099450.0,286323,Other,477.0,2,37,81.3,2017-08-08,0
CUST1704,36.0,Male,South,Post-Graduate,Self-Employed,1953204.0,526389,Education,328.0,3,50,49.29,2024-01-11,0
CUST1705,64.0,Male,South,Secondary,Salaried,1662060.0,59680,Car,640.0,1,63,57.93,2016-05-08,0
CUST1706,33.0,Male,South,Post-Graduate,Salaried,1752349.0,91192,Education,711.0,2,56,17.65,2016-09-12,0
CUST1707,,Male,East,Post-Graduate,,814172.0,239124,Car,672.0,0,10,40.63,2024-02-29,0
CUST1708,22.0,Male,East,Graduate,Salaried,2198219.0,640777,Car,442.0,5,6,85.54,2016-08-18,0
CUST1709,52.0,Male,West,Post-Graduate,Salaried,1425801.0,1197732,Home,676.0,1,33,57.16,2019-03-06,0
CUST1710,29.0,Female,West,Graduate,Self-Employed,834085.0,107597,Home,742.0,2,44,37.56,2023-12-20,1
CUST1711,42.0,Female,East,Secondary,Self-Employed,571215.0,887617,Education,648.0,1,101,60.05,2022-07-30,0
CUST1712,69.0,Female,North,Secondary,Salaried,631238.0,1056153,Other,379.0,0,65,82.83,2020-07-05,0
CUST1713,38.0,Male,East,Graduate,Self-Employed,1496693.0,1459692,Education,625.0,0,72,31.92,2022-01-02,0
CUST1714,53.0,Male,South,Primary,Salaried,2446789.0,98653,Business,736.0,0,72,50.41,2021-08-09,0
CUST1715,,Male,East,Graduate,Salaried,2210118.0,406295,Car,552.0,0,33,86.7,2024-07-01,0
CUST1716,40.0,Female,South,Post-Graduate,Salaried,372007.0,1461591,Car,334.0,1,105,23.79,2016-09-16,0
CUST1717,33.0,Female,West,Secondary,Self-Employed,1571422.0,487576,Home,334.0,0,66,67.57,2021-11-04,1
CUST1718,,Male,North,Graduate,Salaried,1613183.0,1483953,Other,530.0,2,64,59.16,2018-04-22,0
CUST1719,56.0,Female,West,Post-Graduate,Unemployed,771252.0,1077738,Home,438.0,2,88,64.37,2021-05-25,0
CUST1720,62.0,Male,South,Post-Graduate,Unemployed,133687.0,390400,Business,687.0,0,45,38.1,2016-09-21,0
CUST1721,,Female,South,Post-Graduate,,1200113.0,497616,Education,769.0,3,91,35.11,2017-01-26,0
CUST1722,59.0,Female,South,Graduate,Salaried,,886566,Education,568.0,1,113,64.74,2022-03-29,0
CUST1723,56.0,Female,North,Post-Graduate,,1480465.0,96617,Other,737.0,0,86,27.24,2018-06-19,0
CUST1724,31.0,Female,East,Graduate,Salaried,335658.0,521638,Home,490.0,1,117,43.57,2017-08-10,0
CUST1725,48.0,Female,West,Secondary,Salaried,5769361.0,167815,Home,531.0,1,93,25.05,2022-10-30,0
CUST1726,22.0,Male,West,Secondary,Salaried,1920875.0,1014348,Business,532.0,1,69,10.66,2019-02-26,1
CUST1727,52.0,Female,East,Graduate,Salaried,927405.0,722894,Education,521.0,1,68,87.6,2019-07-18,0
CUST1728,40.0,Male,West,Secondary,Self-Employed,1512672.0,1133519,Home,411.0,1,83,44.54,2024-08-26,0
CUST1729,46.0,Female,North,Graduate,Salaried,1473453.0,1310896,Other,677.0,0,67,87.55,2017-04-10,0
CUST1730,60.0,Female,West,Graduate,Salaried,1220449.0,744261,Education,762.0,2,102,21.23,2024-02-29,1
CUST1731,28.0,Female,South,Secondary,Self-Employed,597733.0,488521,Business,390.0,1,52,56.99,2019-04-08,0
CUST1732,35.0,Male,East,Graduate,Salaried,,192434,Other,659.0,1,24,26.08,2021-12-15,0
CUST1733,64.0,Female,North,Graduate,Self-Employed,1535713.0,660458,Car,453.0,1,41,73.21,2024-11-19,1
CUST1734,29.0,Female,East,Secondary,Salaried,1700179.0,1439993,Business,746.0,3,68,72.7,2021-05-26,0
CUST1735,26.0,Female,North,Primary,Unemployed,1307414.0,1233183,Other,695.0,1,95,19.01,2018-11-15,0
CUST1736,27.0,Male,South,Primary,Unemployed,911635.0,940913,Home,712.0,3,90,82.97,2023-03-05,0
CUST1737,61.0,Male,East,Secondary,Salaried,2302811.0,114363,Car,687.0,4,119,25.57,2023-01-02,0
CUST1738,34.0,Male,West,Post-Graduate,Salaried,1774000.0,604675,Business,726.0,0,9,59.04,2017-05-02,1
CUST1739,55.0,Male,North,Secondary,Salaried,1752558.0,1187297,Home,804.0,1,38,88.85,2024-01-17,0
CUST1740,24.0,Female,East,Graduate,Unemployed,640185.0,502312,Car,,1,43,80.59,2023-03-11,0
CUST1741,63.0,Male,West,Secondary,Salaried,287440.0,50655,Education,382.0,3,71,86.53,2018-08-07,1
CUST1742,30.0,Other,East,Secondary,Salaried,1676246.0,627993,Home,441.0,1,85,37.41,2017-02-09,0
CUST1743,57.0,Male,East,Graduate,Salaried,2059746.0,945356,Other,352.0,1,66,18.45,2018-11-15,0
CUST1744,59.0,Male,East,Graduate,Salaried,1847413.0,2258480,Business,677.0,1,92,25.07,2019-01-11,0
CUST1745,26.0,Female,North,Primary,Salaried,537820.0,211413,Car,650.0,2,28,50.04,2016-12-29,0
CUST1746,67.0,Female,West,Secondary,Unemployed,216645.0,824042,Home,755.0,2,7,73.46,2019-10-22,0
CUST1747,44.0,Female,South,Primary,Salaried,593622.0,270346,Education,840.0,0,113,22.01,2018-12-19,1
CUST1748,19.0,Female,North,Secondary,Salaried,234226.0,1486870,Business,772.0,1,75,62.78,2017-07-04,0
CUST1749,22.0,Female,North,Graduate,Unemployed,1633744.0,1277697,Business,727.0,0,93,35.89,2020-07-16,0
CUST1750,46.0,Male,North,Primary,Unemployed,1059091.0,1419292,Home,333.0,2,71,37.3,2016-10-18,0
CUST1751,54.0,Other,South,Secondary,Salaried,903857.0,329564,Education,354.0,0,83,62.95,2023-10-07,0
CUST1752,55.0,Other,West,Secondary,Salaried,1141516.0,51576,Car,326.0,1,97,47.36,2021-05-14,0
CUST1753,36.0,Female,West,Post-Graduate,Salaried,1538857.0,1474373,Home,774.0,2,54,74.96,2023-11-03,0
CUST1754,25.0,Male,West,Post-Graduate,Unemployed,814172.0,237158,Car,961.0,0,33,22.47,2020-12-22,1
CUST1755,65.0,Female,East,Primary,Salaried,1779660.0,705899,Business,385.0,0,78,73.2,2016-07-09,0
CUST1756,62.0,Male,East,Graduate,Unemployed,694673.0,1036630,Car,421.0,0,36,15.14,2017-04-05,0
CUST1757,18.0,Male,East,Secondary,Self-Employed,1675368.0,627993,Education,507.0,0,91,25.52,2023-06-04,0
CUST1758,39.0,Male,South,Secondary,Salaried,426030.0,535350,Other,742.0,1,43,62.49,2021-04-03,0
CUST1759,69.0,Male,East,Graduate,Salaried,460171.0,491122,Education,836.0,2,13,78.39,2022-03-30,0
CUST1760,34.0,Female,South,Post-Graduate,Salaried,2233548.0,169133,Car,337.0,0,105,30.21,2022-11-26,0
CUST1761,24.0,Female,West,Post-Graduate,Salaried,1884933.0,752648,Home,503.0,0,108,36.18,2023-05-29,0
CUST1762,42.0,Female,East,Graduate,Salaried,831993.0,1185668,Business,,0,18,52.97,2016-09-27,1
CUST1763,62.0,Male,East,Secondary,Self-Employed,1109242.0,851939,Other,763.0,1,72,26.93,2019-03-03,0
CUST1764,21.0,Male,North,Graduate,,1002426.0,739163,Home,462.0,2,68,74.89,2016-06-19,0
CUST1765,53.0,Male,South,Secondary,Self-Employed,1669426.0,177631,Home,919.0,2,24,71.89,2019-12-09,0
CUST1766,23.0,Other,West,Graduate,Self-Employed,573891.0,259016,Education,784.0,0,32,21.62,2016-01-28,0
CUST1767,48.0,Male,North,Secondary,Salaried,1996541.0,672911,Car,558.0,1,18,47.11,2016-05-15,0
CUST1768,36.0,Female,North,Graduate,Salaried,181894.0,1099634,Education,667.0,1,48,71.99,2024-02-20,0
CUST1769,61.0,Female,West,Secondary,Salaried,2049412.0,1077738,Car,778.0,2,102,36.99,2022-09-18,0
CUST1770,,Male,North,Secondary,Self-Employed,754932.0,1396742,Education,802.0,2,81,60.65,2024-04-12,0
CUST1771,56.0,Female,South,Post-Graduate,Unemployed,769995.0,80248,Home,421.0,2,99,14.02,2018-06-06,0
CUST1772,44.0,Female,South,Primary,Self-Employed,1242180.0,474854,Business,829.0,2,101,58.7,2020-03-08,0
CUST1773,27.0,Female,East,Graduate,Salaried,1684050.0,1439993,Car,520.0,0,43,22.21,2019-06-18,0
CUST1774,43.0,Female,North,Secondary,Salaried,1504473.0,164585,Other,320.0,1,32,76.45,2018-05-05,1
CUST1775,36.0,Male,East,Primary,Self-Employed,271896.0,842425,Other,373.0,3,68,38.44,2022-10-27,0
CUST1776,56.0,Male,North,Primary,Salaried,983275.0,1494889,Home,676.0,1,93,32.52,2022-10-17,0
CUST1777,20.0,Female,South,Secondary,Unemployed,1606369.0,600819,Education,,1,36,77.27,2019-06-05,0
CUST1778,62.0,Female,South,Post-Graduate,Unemployed,1300192.0,2052066,Education,802.0,1,13,14.01,2017-05-23,1
CUST1779,30.0,Male,South,Secondary,Self-Employed,1578710.0,1244488,Home,786.0,0,32,41.73,2019-08-19,0
CUST1780,67.0,Female,North,Post-Graduate,Salaried,9444408.0,990002,Other,666.0,4,99,39.6,2021-09-12,0
CUST1781,45.0,Female,South,Graduate,Salaried,1139926.0,1075384,Other,528.0,2,21,32.78,2018-10-22,0
CUST1782,37.0,Female,North,Secondary,Salaried,1366188.0,498451,Education,780.0,0,91,82.94,2016-12-27,0
CUST1783,45.0,Male,East,Graduate,Salaried,1584900.0,813258,Car,358.0,1,81,70.07,2019-05-03,0
CUST1784,25.0,Female,North,Graduate,Salaried,349515.0,5110997,Business,469.0,2,59,15.11,2017-08-28,0
CUST1785,58.0,Female,East,Graduate,Self-Employed,791423.0,1385398,Car,735.0,1,14,67.17,2021-02-06,0
CUST1786,56.0,Male,North,Secondary,Self-Employed,414248.0,498298,Other,746.0,1,84,52.18,2019-08-24,0
CUST1787,18.0,Male,East,Secondary,Salaried,1226375.0,617536,Car,427.0,1,10,82.07,2020-07-28,0
CUST1788,20.0,Other,South,Post-Graduate,Salaried,,956719,Business,556.0,1,52,35.04,2017-12-16,0
CUST1789,30.0,Male,East,Post-Graduate,Salaried,1097497.0,1419292,Car,394.0,0,79,55.93,2022-04-16,0
CUST1790,45.0,Female,South,Post-Graduate,Salaried,1514269.0,491122,Car,361.0,0,71,50.06,2022-01-03,0
CUST1791,,Female,South,Secondary,Unemployed,114924.0,268178,Car,647.0,2,96,49.16,2016-12-13,1
CUST1792,66.0,Male,East,Graduate,Salaried,2137797.0,1269879,Car,726.0,3,45,46.49,2019-07-01,0
CUST1793,42.0,Female,North,Secondary,Salaried,2263955.0,813077,Home,775.0,0,83,26.45,2017-02-02,0
CUST1794,,Male,North,Secondary,Salaried,1796190.0,1385398,Other,520.0,2,64,70.46,2019-09-19,0
CUST1795,50.0,Female,West,Secondary,Unemployed,524844.0,1295832,Business,568.0,2,81,46.11,2019-04-14,0
CUST1796,55.0,Male,North,Graduate,Self-Employed,90785.0,650804,Other,762.0,3,46,86.68,2021-12-12,0
CUST1797,,Female,West,Secondary,Salaried,2109341.0,639654,Home,318.0,1,113,30.86,2023-09-11,0
CUST1798,23.0,Male,North,Secondary,Salaried,1808235.0,990002,Home,391.0,1,85,64.62,2022-09-11,1
CUST1799,61.0,Male,North,Post-Graduate,Self-Employed,1960164.0,111171,Home,716.0,2,75,85.26,2021-12-18,0
CUST1800,62.0,Other,South,Secondary,,2218657.0,840506,Home,316.0,2,32,63.08,2020-05-04,0
CUST1801,49.0,Male,West,Primary,Salaried,1236191.0,50655,Car,465.0,0,106,79.7,2023-04-06,1
CUST1802,62.0,Female,North,Primary,Unemployed,870671.0,937153,Other,504.0,3,17,76.2,2024-01-18,1
CUST1803,64.0,Male,West,Post-Graduate,Unemployed,2198219.0,513414,Education,354.0,0,85,38.81,2018-04-01,0
CUST1804,38.0,Female,South,Graduate,Unemployed,2291130.0,546394,Business,489.0,1,19,58.01,2018-06-20,0
CUST1805,33.0,Male,South,Secondary,Self-Employed,99782.0,83997,Home,719.0,0,40,22.5,2018-08-02,0
CUST1806,,Other,West,Graduate,Self-Employed,1774000.0,1304037,Other,648.0,2,96,52.84,2023-08-11,0
CUST1807,38.0,Male,South,Graduate,Salaried,1643825.0,1365250,Home,635.0,0,19,28.43,2021-02-12,0
CUST1808,28.0,Male,East,Secondary,Self-Employed,1016114.0,92119,Home,606.0,4,114,69.5,2016-11-29,0
CUST1809,54.0,Male,East,Graduate,Salaried,1058582.0,488365,Home,812.0,1,79,52.24,2018-11-09,1
CUST1810,53.0,Male,South,Graduate,Self-Employed,2316157.0,163114,Home,846.0,1,60,42.9,2022-03-02,0
CUST1811,52.0,Female,East,Graduate,Salaried,486245.0,511632,Home,310.0,3,99,31.5,2024-03-22,0
CUST1812,36.0,Male,North,Secondary,Self-Employed,1962930.0,600993,Business,448.0,0,8,89.9,2016-12-20,0
CUST1813,37.0,Female,West,Post-Graduate,Unemployed,2070242.0,1026140,Other,821.0,1,103,15.74,2019-04-11,0
CUST1814,,Male,North,Graduate,Salaried,152095.0,31620,Home,762.0,4,102,13.48,2019-04-27,0
CUST1815,35.0,Male,West,Secondary,Unemployed,1737583.0,1448368,Home,827.0,1,56,27.38,2018-04-03,0
CUST1816,64.0,Female,South,Secondary,Salaried,1013015.0,1376649,Home,764.0,1,95,87.69,2018-10-22,0
CUST1817,58.0,Female,North,Primary,Unemployed,1643825.0,645036,Home,462.0,1,14,88.34,2021-03-11,0
CUST1818,66.0,Male,South,Primary,Salaried,,734397,Car,820.0,1,98,62.39,2024-03-07,0
CUST1819,31.0,Male,South,Graduate,Salaried,133687.0,1308639,Car,597.0,3,49,80.41,2016-06-16,0
CUST1820,32.0,Male,West,Primary,Unemployed,4624913.0,705025,Education,784.0,0,88,27.12,2022-08-12,0
CUST1821,48.0,Female,West,Secondary,Salaried,294304.0,201236,Home,528.0,2,33,87.76,2017-06-19,0
CUST1822,18.0,Female,West,Graduate,Unemployed,251277.0,1067886,Education,771.0,1,57,21.42,2021-05-02,0
CUST1823,,Male,North,Primary,Salaried,215150.0,853271,Business,557.0,0,33,18.09,2024-03-29,0
CUST1824,,Female,East,Post-Graduate,Salaried,2168097.0,890665,Education,738.0,7,27,18.98,2023-03-12,0
CUST1825,,Female,West,Secondary,Salaried,,771067,Other,777.0,2,61,55.85,2020-06-07,0
CUST1826,20.0,Female,West,Secondary,Self-Employed,1910957.0,283608,Car,807.0,1,54,72.48,2018-08-07,0
CUST1827,33.0,Female,North,Secondary,Salaried,8313696.0,641868,Car,504.0,1,25,39.33,2016-07-25,0
CUST1828,40.0,Male,West,Secondary,Salaried,839495.0,406295,Home,532.0,0,116,88.23,2024-07-17,1
CUST1829,,Male,North,Primary,Salaried,,189472,Home,509.0,2,47,44.75,2017-06-27,0
CUST1830,28.0,Male,South,Graduate,Salaried,1498006.0,4222756,Business,533.0,0,14,22.04,2016-05-08,0
CUST1831,29.0,Male,West,Post-Graduate,,1817009.0,579308,Business,617.0,0,109,47.28,2020-01-10,0
CUST1832,27.0,Female,West,Secondary,,110063.0,1418427,Other,842.0,0,80,64.32,2023-04-15,0
CUST1833,49.0,Female,South,Graduate,Salaried,5769361.0,449503,Home,578.0,1,34,76.58,2021-09-13,0
CUST1834,33.0,Male,South,Graduate,Self-Employed,503448.0,869934,Home,490.0,1,55,46.7,2023-11-06,1
CUST1835,25.0,Male,South,Graduate,Salaried,2440901.0,482115,Business,,0,37,57.49,2022-02-24,0
CUST1836,55.0,Male,West,Secondary,Self-Employed,2284725.0,513414,Business,369.0,0,22,31.39,2021-01-10,0
CUST1837,29.0,Female,East,Secondary,Unemployed,1915068.0,53525,Business,404.0,0,82,61.67,2016-03-17,1
CUST1838,41.0,Male,East,Secondary,Unemployed,2428991.0,153199,Car,745.0,3,26,88.88,2017-01-03,0
CUST1839,45.0,Female,East,Graduate,Salaried,1255189.0,422575,Education,844.0,0,68,13.92,2023-11-20,0
CUST1840,,Male,West,Graduate,Self-Employed,1138503.0,482333,Education,821.0,2,25,80.92,2017-06-09,0
CUST1841,25.0,Male,South,Secondary,Salaried,2028888.0,229294,Home,715.0,2,5,54.98,2016-12-14,0
CUST1842,45.0,Other,West,Secondary,,2265132.0,526389,Car,494.0,1,117,30.17,2017-05-20,0
CUST1843,53.0,Other,South,Post-Graduate,Salaried,2284193.0,587373,Business,396.0,1,111,86.39,2017-10-04,0
CUST1844,43.0,Male,West,Graduate,Self-Employed,2246791.0,1367218,Home,617.0,1,19,48.67,2016-08-25,0
CUST1845,25.0,Female,West,Post-Graduate,Self-Employed,572503.0,1347509,Car,606.0,1,40,36.54,2019-07-27,0
CUST1846,67.0,Female,South,Graduate,Self-Employed,2273654.0,373130,Other,500.0,4,51,24.52,2020-05-19,0
CUST1847,45.0,Female,East,Secondary,Salaried,1480465.0,270056,Car,499.0,1,58,29.56,2019-12-26,0
CUST1848,45.0,Male,South,Graduate,Unemployed,1494906.0,875457,Home,686.0,1,90,76.63,2021-12-25,0
CUST1849,54.0,Female,North,Graduate,Salaried,703090.0,629649,Education,751.0,1,36,59.15,2024-12-16,0
CUST1850,58.0,Female,North,Primary,Self-Employed,2254758.0,297688,Business,540.0,2,62,83.06,2024-10-18,0
CUST1851,53.0,Female,South,Graduate,Salaried,1118347.0,45385,Other,320.0,1,50,28.56,2023-04-13,1
CUST1852,44.0,Male,West,Graduate,Salaried,296486.0,1416123,Car,376.0,1,58,19.69,2020-07-31,0
CUST1853,,Male,North,Secondary,Salaried,1960164.0,119743,Home,790.0,3,37,10.49,2023-06-20,1
CUST1854,34.0,Male,North,Graduate,Salaried,546589.0,1191729,Home,804.0,0,109,50.63,2021-01-20,0
CUST1855,26.0,Female,West,Graduate,Salaried,460171.0,73162,Business,328.0,0,43,89.86,2021-01-28,0
CUST1856,50.0,Male,West,Post-Graduate,Salaried,1141516.0,950631,Home,534.0,0,27,65.6,2023-11-26,1
CUST1857,,Female,East,Primary,Salaried,2178667.0,1435419,Home,766.0,0,47,34.67,2024-03-04,0
CUST1858,37.0,Other,West,Secondary,Self-Employed,2198219.0,1122398,Business,414.0,1,59,80.15,2016-12-20,0
CUST1859,30.0,Male,South,Graduate,Unemployed,2260943.0,526297,Other,772.0,3,6,72.54,2023-03-10,0
CUST1860,45.0,Female,South,Secondary,Salaried,1818614.0,46535,Education,825.0,1,70,11.23,2023-12-04,0
CUST1861,65.0,Male,East,Graduate,Salaried,286251.0,1350309,Education,820.0,0,42,75.35,2017-07-12,0
CUST1862,46.0,Female,North,Graduate,Salaried,1887254.0,562249,Car,764.0,1,119,34.04,2023-12-06,0
CUST1863,30.0,Male,North,Primary,Salaried,110063.0,407224,Other,431.0,3,33,21.97,2021-04-01,1
CUST1864,63.0,Female,West,Graduate,Self-Employed,1033197.0,1414975,Car,798.0,0,114,28.11,2019-06-08,0
CUST1865,52.0,Female,South,Graduate,Self-Employed,1780734.0,645036,Education,572.0,2,71,47.49,2020-08-08,0
CUST1866,23.0,Female,North,Secondary,Salaried,8245871.0,1260623,Business,507.0,0,107,43.99,2019-03-15,0
CUST1867,35.0,Female,East,Post-Graduate,Salaried,2330618.0,77599,Home,400.0,0,75,33.11,2019-03-21,0
CUST1868,68.0,Female,East,Graduate,Salaried,1680720.0,530827,Education,387.0,1,40,23.78,2020-12-19,0
CUST1869,22.0,Female,South,Graduate,Unemployed,933159.0,940913,Other,531.0,1,33,70.98,2021-12-27,0
CUST1870,64.0,Female,East,Graduate,,2198194.0,1072137,Education,381.0,3,41,89.21,2017-10-24,0
CUST1871,42.0,Female,East,Secondary,Salaried,1959314.0,1371282,Other,751.0,0,117,72.22,2016-01-21,0
CUST1872,19.0,Male,South,Post-Graduate,Salaried,474295.0,723464,Other,540.0,1,104,33.67,2021-10-12,0
CUST1873,27.0,Female,West,Graduate,Unemployed,,604675,Other,720.0,2,91,29.58,2019-05-26,0
CUST1874,,Female,West,Graduate,Unemployed,1794249.0,1179697,Car,681.0,1,49,27.41,2024-08-09,1
CUST1875,47.0,Female,East,Post-Graduate,Salaried,908416.0,190185,Business,828.0,1,20,20.94,2024-04-25,0
CUST1876,67.0,Male,West,Secondary,Salaried,1203270.0,869934,Education,360.0,1,116,54.11,2016-06-10,0
CUST1877,62.0,Female,West,Graduate,Salaried,390435.0,672911,Business,656.0,1,35,58.43,2016-05-09,0
CUST1878,22.0,Male,East,Secondary,Self-Employed,811658.0,1019280,Home,692.0,0,38,66.44,2023-03-13,0
CUST1879,,Female,West,Secondary,Salaried,2455100.0,2792425,Education,572.0,2,54,64.42,2021-05-04,0
CUST1880,,Male,East,Secondary,Salaried,915988.0,188253,Business,644.0,1,69,33.39,2016-08-12,0
CUST1881,50.0,Female,North,Post-Graduate,Self-Employed,7076263.0,768925,Business,307.0,1,86,36.42,2020-11-16,0
CUST1882,,Other,South,Post-Graduate,Salaried,811658.0,788849,Home,596.0,2,66,64.52,2017-08-02,0
CUST1883,18.0,Male,South,Graduate,Self-Employed,805571.0,285095,Other,619.0,0,108,37.96,2020-01-17,0
CUST1884,35.0,Other,West,Graduate,Salaried,1595509.0,876822,Education,390.0,0,47,27.01,2024-04-18,0
CUST1885,49.0,Male,West,Graduate,Salaried,134745.0,219937,Education,773.0,0,60,39.95,2024-05-10,0
CUST1886,64.0,Female,West,Post-Graduate,Self-Employed,1818614.0,482333,Home,503.0,2,19,31.77,2016-04-16,0
CUST1887,66.0,Female,South,Secondary,Salaried,1042454.0,747997,Other,463.0,4,52,17.07,2023-04-22,0
CUST1888,28.0,Female,North,Secondary,,1267030.0,1185668,Education,579.0,0,53,76.41,2018-04-19,0
CUST1889,38.0,Female,North,Secondary,Salaried,1236191.0,1140291,Education,615.0,0,85,78.25,2024-09-09,1
CUST1890,43.0,Female,South,Graduate,Salaried,339021.0,734463,Education,521.0,0,48,27.58,2019-03-10,0
CUST1891,42.0,Male,North,Graduate,Self-Employed,477783.0,1421352,Other,719.0,1,14,15.18,2023-03-09,0
CUST1892,39.0,Male,South,Secondary,Salaried,2060407.0,530653,Home,829.0,1,24,69.11,2019-03-03,0
CUST1893,44.0,Female,North,Primary,Unemployed,2260943.0,415105,Education,366.0,1,74,26.92,2022-02-24,1
CUST1894,66.0,Female,East,Graduate,Salaried,546995.0,658935,Business,396.0,0,12,41.47,2023-01-01,0
CUST1895,30.0,Female,East,Primary,Salaried,561799.0,1235788,Other,770.0,1,49,15.13,2017-10-28,0
CUST1896,50.0,Female,South,Graduate,Salaried,1090165.0,1365250,Car,961.0,1,38,28.1,2021-10-27,0
CUST1897,51.0,Male,North,Post-Graduate,Salaried,1378648.0,1358668,Home,846.0,0,100,73.43,2021-05-25,0
CUST1898,58.0,Female,West,Secondary,Unemployed,1693560.0,786556,Business,,1,55,74.35,2024-01-20,0
CUST1899,52.0,Male,North,Secondary,Unemployed,1426652.0,116296,Education,655.0,0,110,26.57,2017-05-26,0
CUST1900,18.0,Female,East,Graduate,Salaried,1725437.0,3011214,Car,341.0,2,8,36.87,2016-09-06,0
CUST1901,38.0,Male,East,Graduate,Salaried,535433.0,398697,Home,755.0,0,112,20.74,2018-06-07,0
CUST1902,65.0,Male,North,Graduate,Unemployed,343328.0,1094367,Other,453.0,1,118,15.93,2018-10-20,0
CUST1903,,Male,North,Post-Graduate,Unemployed,1050278.0,957699,Car,366.0,2,43,89.37,2017-08-21,0
CUST1904,23.0,Male,West,Primary,Salaried,1224337.0,521638,Car,502.0,0,88,62.45,2018-01-22,0
CUST1905,45.0,Female,West,Graduate,Salaried,1098454.0,1357925,Business,764.0,4,28,53.37,2017-08-22,1
CUST1906,34.0,Male,North,Graduate,Salaried,479017.0,137441,Home,778.0,0,92,71.24,2024-04-10,0
CUST1907,22.0,Male,North,Post-Graduate,Unemployed,1008864.0,269647,Business,567.0,1,59,77.21,2022-12-05,0
CUST1908,48.0,Male,North,Secondary,Salaried,953420.0,1072835,Business,702.0,0,30,74.54,2023-11-23,0
CUST1909,22.0,Male,North,Graduate,Salaried,1484962.0,771067,Education,846.0,1,29,11.32,2022-01-28,0
CUST1910,55.0,Male,South,Graduate,Self-Employed,969171.0,1435971,Other,332.0,2,40,24.94,2023-12-26,0
CUST1911,20.0,Male,North,Secondary,Salaried,1255033.0,695727,Car,389.0,3,75,62.39,2021-08-26,0
CUST1912,,Female,West,Primary,Salaried,2028888.0,284265,Home,606.0,0,78,40.06,2020-10-24,0
CUST1913,40.0,Female,East,Post-Graduate,Salaried,1425801.0,315291,Other,812.0,1,62,88.6,2019-08-10,0
CUST1914,54.0,Female,South,Secondary,Salaried,1921646.0,420732,Other,443.0,2,115,63.23,2022-09-07,0
CUST1915,,Male,North,Secondary,Salaried,543930.0,1190689,Home,366.0,2,16,86.52,2021-01-19,0
CUST1916,54.0,Male,East,Secondary,Salaried,1231404.0,1415049,Other,694.0,3,5,26.12,2019-05-27,1
CUST1917,27.0,Female,South,Post-Graduate,Salaried,537820.0,687253,Education,369.0,0,54,79.12,2016-08-21,0
CUST1918,27.0,Female,East,Graduate,Self-Employed,462811.0,1017938,Other,481.0,4,29,35.71,2019-11-14,0
CUST1919,36.0,Male,North,Graduate,Unemployed,215150.0,690246,Education,385.0,1,84,89.17,2022-04-14,0
CUST1920,34.0,Male,North,Secondary,Self-Employed,1725437.0,550112,Car,371.0,2,9,22.62,2021-04-09,0
CUST1921,38.0,Male,West,Graduate,Salaried,1220449.0,1019280,Car,828.0,2,87,51.31,2021-09-30,0
CUST1922,31.0,Male,North,Graduate,Salaried,1542603.0,671857,Business,421.0,3,72,73.43,2021-08-24,0
CUST1923,26.0,Male,North,Graduate,Salaried,500888.0,498298,Education,572.0,0,10,44.61,2017-03-16,0
CUST1924,63.0,Female,South,Post-Graduate,Salaried,1273502.0,220861,Car,749.0,1,30,47.45,2019-02-09,0
CUST1925,18.0,Female,West,Primary,Salaried,1169118.0,1396529,Other,841.0,1,117,88.91,2023-07-06,0
CUST1926,68.0,Female,South,Graduate,Self-Employed,10055931.0,877056,Home,601.0,2,107,44.02,2016-01-07,0
CUST1927,62.0,Female,East,Primary,Salaried,1159367.0,582226,Home,740.0,0,59,58.33,2020-05-05,0
CUST1928,30.0,Female,North,Graduate,Salaried,1702563.0,3630344,Education,320.0,2,43,14.36,2018-04-05,0
CUST1929,21.0,Female,East,Secondary,Salaried,1471579.0,269967,Business,763.0,1,13,77.38,2019-06-22,0
CUST1930,18.0,Female,South,Secondary,Self-Employed,1042454.0,579264,Other,606.0,1,49,61.85,2019-08-03,0
CUST1931,66.0,Male,North,Secondary,Salaried,811636.0,1330418,Education,808.0,0,18,42.32,2020-06-15,1
CUST1932,57.0,Male,North,Graduate,Self-Employed,409801.0,843071,Home,766.0,2,116,11.29,2024-09-12,0
CUST1933,49.0,Male,South,Secondary,Salaried,927374.0,85182,Education,453.0,1,59,57.33,2018-11-02,0
CUST1934,51.0,Female,South,Graduate,Unemployed,2295995.0,557340,Other,678.0,2,13,11.01,2019-03-15,0
CUST1935,45.0,Female,South,Secondary,Unemployed,1409785.0,987671,Car,561.0,0,19,10.1,2017-04-22,0
CUST1936,48.0,Male,South,Primary,Salaried,1808235.0,851939,Other,715.0,1,41,59.29,2023-05-02,0
CUST1937,25.0,Female,South,Graduate,Salaried,1183546.0,814752,Car,422.0,1,54,25.12,2017-12-15,0
CUST1938,56.0,Male,North,Secondary,Salaried,754932.0,724186,Car,499.0,1,88,25.35,2020-08-03,0
CUST1939,43.0,Female,South,Secondary,Salaried,,1231988,Car,311.0,1,76,62.26,2021-12-02,1
CUST1940,51.0,Male,North,Graduate,Self-Employed,314318.0,289427,Education,406.0,0,100,14.3,2017-05-23,0
CUST1941,,Male,North,Secondary,Unemployed,1496693.0,453327,Home,637.0,0,115,35.07,2024-10-28,1
CUST1942,,Female,South,Primary,Self-Employed,1171174.0,1300287,Education,543.0,0,25,21.95,2021-10-05,0
CUST1943,20.0,Male,South,Secondary,Unemployed,1147133.0,825911,Home,649.0,1,61,56.41,2017-01-16,0
CUST1944,67.0,Male,West,Post-Graduate,Salaried,1538857.0,1309898,Other,770.0,3,109,62.94,2019-03-26,0
CUST1945,29.0,Male,North,Graduate,Salaried,447747.0,464044,Business,376.0,1,23,67.69,2024-03-18,0
CUST1946,18.0,Female,South,Graduate,Self-Employed,436778.0,190185,Other,481.0,2,97,30.42,2021-01-19,0
CUST1947,,Female,South,Graduate,Salaried,1038379.0,1489185,Education,511.0,0,62,17.14,2024-10-09,1
CUST1948,61.0,Male,South,Secondary,Self-Employed,2103553.0,1197213,Education,724.0,1,99,16.29,2019-04-01,1
CUST1949,22.0,Female,West,Secondary,Salaried,827948.0,743895,Home,826.0,2,10,44.09,2016-10-01,0
CUST1950,47.0,Female,West,Graduate,Salaried,1604960.0,695078,Education,335.0,0,8,85.67,2020-09-14,0
CUST1951,47.0,Male,East,Primary,,1276311.0,611529,Car,320.0,2,47,27.42,2019-01-05,0
CUST1952,,Male,North,Secondary,Salaried,4806017.0,354036,Education,596.0,2,97,30.54,2021-02-03,0
CUST1953,34.0,Male,East,Secondary,,676860.0,1055607,Home,587.0,0,46,18.07,2021-09-22,0
CUST1954,65.0,Male,South,Secondary,,1843808.0,1244488,Home,625.0,1,7,58.45,2017-12-18,0
CUST1955,64.0,Female,West,Post-Graduate,Self-Employed,234721.0,844468,Car,750.0,2,5,64.39,2016-11-13,1
CUST1956,40.0,Male,West,Primary,Self-Employed,1720027.0,1223151,Home,844.0,2,112,61.43,2017-06-17,0
CUST1957,32.0,Female,East,Graduate,Self-Employed,1539096.0,477603,Business,470.0,0,59,78.89,2020-05-27,1
CUST1958,54.0,Female,West,Secondary,Unemployed,890927.0,1304037,Other,633.0,2,19,48.91,2020-11-11,0
CUST1959,38.0,Male,South,Post-Graduate,Salaried,1749771.0,1263111,Education,653.0,1,51,20.76,2024-10-30,0
CUST1960,31.0,Female,West,Primary,Salaried,897166.0,211062,Business,719.0,0,89,33.15,2022-04-03,0
CUST1961,19.0,Male,East,Secondary,Self-Employed,82795.0,1006264,Education,687.0,0,50,62.99,2024-01-19,0
CUST1962,28.0,Other,South,Graduate,Salaried,1568543.0,147369,Business,624.0,2,62,59.05,2023-01-08,0
CUST1963,68.0,Female,East,Graduate,Salaried,335493.0,837040,Education,413.0,1,99,52.48,2019-05-29,1
CUST1964,56.0,Female,West,Secondary,Salaried,1409785.0,660698,Car,560.0,1,75,64.64,2019-08-26,0
CUST1965,55.0,Female,East,Secondary,Self-Employed,1550413.0,1297403,Home,381.0,1,85,60.99,2019-04-15,1
CUST1966,51.0,Male,East,Secondary,Unemployed,524718.0,1357252,Home,820.0,1,87,80.51,2020-11-29,0
CUST1967,55.0,Female,North,Secondary,Salaried,2117312.0,507843,Car,501.0,1,43,56.88,2021-09-16,0
CUST1968,67.0,Female,West,Secondary,Unemployed,1752349.0,1037787,Business,722.0,0,7,72.29,2023-05-25,0
CUST1969,51.0,Female,West,Secondary,Self-Employed,11642071.0,50655,Other,533.0,3,34,29.9,2019-12-25,1
CUST1970,35.0,Female,East,Secondary,Unemployed,336812.0,304548,Business,789.0,2,39,64.25,2021-04-17,0
CUST1971,47.0,Female,North,Secondary,Self-Employed,1723083.0,415007,Home,791.0,1,61,82.18,2018-01-16,1
CUST1972,32.0,Male,West,Graduate,Self-Employed,390435.0,1475687,Other,335.0,2,33,40.86,2024-12-18,0
CUST1973,44.0,Male,South,Post-Graduate,Salaried,1470598.0,853271,Education,597.0,0,54,72.33,2018-04-20,1
CUST1974,68.0,Female,East,Graduate,Unemployed,392579.0,622610,Other,702.0,2,66,67.98,2022-10-31,0
CUST1975,51.0,Male,West,Primary,Salaried,1444359.0,876822,Business,393.0,2,56,14.76,2020-02-27,0
CUST1976,69.0,Female,South,Primary,Unemployed,486547.0,780046,Car,653.0,2,18,56.52,2023-06-24,0
CUST1977,,Female,West,Post-Graduate,,1113994.0,425065,Education,781.0,3,39,20.42,2021-12-12,0
CUST1978,55.0,Male,South,Secondary,Salaried,1693560.0,696110,Business,920.0,3,32,87.39,2018-12-24,0
CUST1979,50.0,Male,East,Primary,Salaried,1887317.0,135185,Education,565.0,0,62,74.91,2018-03-03,1
CUST1980,41.0,Female,West,Graduate,Self-Employed,1308312.0,1144217,Other,606.0,0,34,18.78,2023-10-02,1
CUST1981,32.0,Male,West,Graduate,Salaried,1729260.0,1478586,Home,839.0,0,94,19.74,2019-06-21,0
CUST1982,47.0,Female,North,Graduate,Unemployed,1675368.0,211413,Business,606.0,0,11,57.56,2020-03-30,0
CUST1983,,Male,East,Secondary,Salaried,1351209.0,1253981,Car,722.0,3,43,37.59,2022-03-23,0
CUST1984,59.0,Female,South,Primary,Salaried,1317903.0,1314427,Other,458.0,3,99,12.79,2022-11-17,0
CUST1985,68.0,Male,West,Post-Graduate,,1844694.0,1055607,Business,542.0,2,73,53.33,2023-05-14,0
CUST1986,34.0,Female,West,Secondary,Self-Employed,1376573.0,1033750,Car,762.0,1,39,41.03,2016-10-19,0
CUST1987,22.0,Male,South,Graduate,Unemployed,2071161.0,1012014,Business,965.0,0,118,18.09,2023-07-31,0
CUST1988,46.0,Female,East,Graduate,Salaried,1498060.0,778224,Other,695.0,1,115,74.15,2019-11-05,0
CUST1989,21.0,Male,North,Graduate,Self-Employed,399658.0,618033,Business,568.0,0,56,83.21,2020-07-06,0
CUST1990,27.0,Female,North,Secondary,Self-Employed,903857.0,303497,Education,516.0,4,18,70.53,2023-09-04,0
CUST1991,,Female,West,Secondary,Self-Employed,525935.0,336604,Other,411.0,3,67,75.79,2022-01-22,0
CUST1992,34.0,Male,South,Graduate,Self-Employed,593066.0,432968,Business,485.0,4,40,27.32,2023-09-17,0
CUST1993,27.0,Male,West,Post-Graduate,Self-Employed,1098725.0,1392944,Home,526.0,2,95,31.09,2019-05-26,0
CUST1994,34.0,Male,South,Post-Graduate,Salaried,2414482.0,602285,Business,818.0,2,28,26.68,2024-05-12,1
CUST1995,37.0,Female,North,Primary,Salaried,1684050.0,844299,Education,726.0,1,44,71.21,2023-12-28,0
CUST1996,41.0,Female,East,Secondary,Self-Employed,1095691.0,950631,Car,385.0,2,33,85.83,2018-12-11,0
CUST1997,22.0,Female,South,Post-Graduate,Salaried,947392.0,1482499,Car,368.0,0,57,67.35,2019-10-29,0
CUST1998,51.0,Male,North,Graduate,Self-Employed,597733.0,687253,Car,610.0,0,113,80.52,2020-08-20,0
CUST1999,23.0,Male,West,Post-Graduate,Salaried,1443133.0,180685,Home,602.0,2,26,61.1,2023-02-27,0
